"stockid","commonname","region","M","life_history","year_start","year_end","n_years","FMI_mean","FMI_max","FMI_min","first_breach_caution","first_breach_warning","first_breach_danger","years_safe","years_caution","years_warning","years_danger","peak_FMI_year","ever_breached_danger","pct_danger"
"ACADREDGOMGB","Acadian redfish","US East Coast",0.05,"Long-lived (M < 0.2)",1913,2019,107,1.44785607476636,11.3564,2e-04,1939,1941,1941,53,4,2,48,1991,TRUE,44.9
"ACMACKSARG","Argentine chub mackerel","South America",0.38,"Medium-lived (0.2 ≤ M < 0.4)",1990,2019,30,0.272017543859649,0.781578947368421,0,2016,NA,NA,29,1,0,0,2016,FALSE,0
"ALBANATL","Albacore tuna","Atlantic Ocean",0.3,"Medium-lived (0.2 ≤ M < 0.4)",1930,2015,86,0.274536423209493,0.53,0.0466666666666667,NA,NA,NA,86,0,0,0,1983,FALSE,0
"ALBASATL","Albacore tuna","Atlantic Ocean",0.3,"Medium-lived (0.2 ≤ M < 0.4)",1956,2014,59,0.466943502824859,1.08,0,1994,2001,NA,52,6,1,0,2001,FALSE,0
"ALBASPAC","Albacore tuna","Pacific Ocean",0.4,"Moderate turnover (0.4 ≤ M < 0.8)",1960,2019,60,0.670291666666667,1.54,0.1775,1988,1988,1989,40,7,5,8,1989,TRUE,13.3
"ALPLAICBSAI","Alaska plaice","US Alaska",0.25,"Medium-lived (0.2 ≤ M < 0.4)",1975,2020,46,0.165710434782609,0.5,0.0488,NA,NA,NA,46,0,0,0,1988,FALSE,0
"AMPL3LNO","American plaice","Canada East Coast",0.2,"Medium-lived (0.2 ≤ M < 0.4)",1960,2006,47,1.54382978723404,6,0.22,1967,1967,1967,10,3,3,31,1993,TRUE,66
"AMPL3M","American plaice","Canada East Coast",0.2,"Medium-lived (0.2 ≤ M < 0.4)",1988,2007,20,0.768125,2.4,0.0795,1988,1988,1988,14,1,0,5,1989,TRUE,25
"AMPL5YZ","American plaice","US East Coast",0.2,"Medium-lived (0.2 ≤ M < 0.4)",1980,2018,39,2.04512820512821,4.55,0.31,1980,1980,1980,10,2,1,26,1995,TRUE,66.7
"ANCHMEDGSA16","Anchovy","Mediterranean-Black Sea",0.66,"Moderate turnover (0.4 ≤ M < 0.8)",1998,2021,24,0.95100303030303,2.2347303030303,0.0287878787878788,2009,2011,2012,13,1,1,9,2012,TRUE,37.5
"ANCHMEDGSA17","Anchovy","Mediterranean-Black Sea",1.1,"Fast turnover (M ≥ 0.8)",2000,2011,12,0.300151515151515,0.453636363636364,0.146363636363636,NA,NA,NA,12,0,0,0,2001,FALSE,0
"ANCHOBAYB","Anchovy","European Union",1.2,"Fast turnover (M ≥ 0.8)",1987,2020,34,0.257906229877451,0.5675,0,NA,NA,NA,34,0,0,0,1987,FALSE,0
"ANCHONWA","Anchovy","West Africa",1.175,"Fast turnover (M ≥ 0.8)",2000,2010,11,1.34158607350097,3.83829787234043,0.28936170212766,2001,2001,2001,4,2,0,5,2001,TRUE,45.5
"ANCHOSA","Anchovy","Southern Africa",1.1,"Fast turnover (M ≥ 0.8)",1985,2019,35,0.0823792207792208,0.218181818181818,0.0152727272727273,NA,NA,NA,35,0,0,0,1985,FALSE,0
"ANCHOVYKILKACS","Anchovy kilka","Other",0.473,"Moderate turnover (0.4 ≤ M < 0.8)",1995,2004,10,2.69492600422833,6.19450317124736,1.37632135306554,1995,1995,1995,0,0,0,10,1999,TRUE,100
"ANGLMEDGSA15-16","Black bellied angler","Mediterranean-Black Sea",0.2,"Medium-lived (0.2 ≤ M < 0.4)",2009,2010,2,1.5125,1.755,1.27,2009,2009,2009,0,0,0,2,2010,TRUE,100
"APOLLNSJ","Walleye pollock","Japan",0.25,"Medium-lived (0.2 ≤ M < 0.4)",1980,2013,34,0.698335838829775,1.00214132762313,0.412108559498956,1980,1985,NA,23,10,1,0,1985,FALSE,0
"APOLLPJPN","Walleye pollock","Japan",0.25,"Medium-lived (0.2 ≤ M < 0.4)",1981,2013,33,0.728672603946684,1.05133470225873,0.389285714285714,1981,1987,NA,17,14,2,0,1988,FALSE,0
"ARFLOUNDGA","Arrowtooth flounder","US Alaska",0.2,"Medium-lived (0.2 ≤ M < 0.4)",1961,2020,60,0.0798441666666667,0.2105,0.00955,NA,NA,NA,60,0,0,0,1973,FALSE,0
"ARFLOUNDPCOAST","Arrowtooth flounder","US West Coast",0.166,"Long-lived (M < 0.2)",1916,2020,105,1.37665978198508,3.2710843373494,0,1943,1943,1956,40,4,2,59,1990,TRUE,56.2
"ARGANCHONARG","Argentine anchoita","South America",1.0125,"Fast turnover (M ≥ 0.8)",1990,2019,30,0.0431374485596708,0.0948148148148148,0.0108641975308642,NA,NA,NA,30,0,0,0,1992,FALSE,0
"ARGANCHOSARG","Argentine anchoita","South America",1.00333333333333,"Fast turnover (M ≥ 0.8)",1990,2019,30,0.00527209302325583,0.0139534883720931,0.000598006644518274,NA,NA,NA,30,0,0,0,1995,FALSE,0
"ARGHAKENARG","Argentine hake","South America",0.3,"Medium-lived (0.2 ≤ M < 0.4)",1986,2018,33,2.48343434343434,5.43333333333333,1.11,1986,1986,1986,0,0,3,30,2003,TRUE,90.9
"ARGHAKESARG","Argentine hake","South America",0.3,"Medium-lived (0.2 ≤ M < 0.4)",1990,2018,29,2.31540229885057,3.4,1.6,1990,1990,1990,0,0,0,29,2004,TRUE,100
"ATHAL5YZ","Atlantic halibut","US East Coast",0.15,"Long-lived (M < 0.2)",1800,2007,208,0.749967948717949,4.46,0,1880,1885,1888,121,25,26,36,1896,TRUE,17.3
"ATKABSAI","Atka mackerel","US Alaska",0.3,"Medium-lived (0.2 ≤ M < 0.4)",1977,2019,43,0.685820930232558,1.69333333333333,0.14,1978,1995,1995,26,8,6,3,1996,TRUE,7
"ATLCROAKMATLC","Atlantic croaker","US East Coast",0.3,"Medium-lived (0.2 ≤ M < 0.4)",1973,2008,36,0.511111111111111,1.66666666666667,0.1,1974,1978,1979,27,5,2,2,1979,TRUE,5.6
"ATOOTHFISHRS","Antarctic toothfish","Other",0.13,"Long-lived (M < 0.2)",1995,2007,13,0.123991715976331,0.336923076923077,0,NA,NA,NA,13,0,0,0,2007,FALSE,0
"AUSSALMONNZ","Australian salmon","New Zealand",0.19,"Long-lived (M < 0.2)",1929,2013,85,0.261919504643963,1.26315789473684,0,1988,1988,1988,83,0,1,1,1988,TRUE,1.2
"BGRDRNSWWA","Blue grenadier","Australia",0.162782,"Long-lived (M < 0.2)",1960,2020,61,0.269719896931449,3.3996326375152,0,2019,2019,2019,59,0,0,2,2020,TRUE,3.3
"BGROCKPCOAST","Blackgill rockfish","US West Coast",0.07,"Long-lived (M < 0.2)",1950,2018,69,6.27349896480331,12.4285714285714,0.8,1950,1953,1954,0,3,2,64,1992,TRUE,92.8
"BIGHTREDSE","Bight redfish","Australia",0.1029985,"Long-lived (M < 0.2)",1958,2014,57,0.144287572234275,0.811662305761734,0,2006,NA,NA,56,1,0,0,2006,FALSE,0
"BKCDLFENI","Black cardinalfish","New Zealand",0.04,"Long-lived (M < 0.2)",1923,2009,87,2.27488505747126,21.075,0,1985,1987,1987,63,1,0,23,2006,TRUE,26.4
"BLACKGROUPERGMSATL","Black grouper","US Southeast and Gulf",0.136,"Long-lived (M < 0.2)",1986,2008,23,1.15121483375959,2.15441176470588,0.573529411764706,1986,1986,1986,7,3,1,12,1987,TRUE,52.2
"BLACKOREOPR","Black oreo","New Zealand",0.04,"Long-lived (M < 0.2)",1974,2009,36,1.38365625,7.525,0,1982,1982,1982,18,1,1,16,2009,TRUE,44.4
"BLACKOREOWECR","Black oreo","New Zealand",0.044,"Long-lived (M < 0.2)",1973,2007,35,1.13755194805195,2.93181818181818,0.143863636363636,1975,1978,1981,12,6,4,13,1982,TRUE,37.1
"BLACKROCKNPCOAST","Black rockfish","US West Coast",0.16,"Long-lived (M < 0.2)",1915,2006,92,0.297010869565217,1.3,0,1982,1986,1988,79,6,6,1,1988,TRUE,1.1
"BLACKROCKSPCOAST","Black rockfish","US West Coast",0.16,"Long-lived (M < 0.2)",1915,2006,92,0.132744565217391,0.5875,0,NA,NA,NA,92,0,0,0,1992,FALSE,0
"BLSHARNPAC","Blue shark","Pacific Ocean",0.1354,"Long-lived (M < 0.2)",1970,2015,46,2.5592447498555,6.35155096011817,0.738552437223043,1970,1970,1972,1,4,5,36,1986,TRUE,78.3
"BLUEFISHATLC","Bluefish","US East Coast",0.2,"Medium-lived (0.2 ≤ M < 0.4)",1982,2019,38,1.07039473684211,2.02,0.65,1982,1983,1986,8,14,5,11,2017,TRUE,28.9
"BLUEROCKCAL","Blue rockfish","US West Coast",0.12,"Long-lived (M < 0.2)",1916,2007,92,0.308605072463768,1.6,0,1979,1981,1981,82,3,2,5,1992,TRUE,5.4
"BMACKECS","Spotted mackerel","Japan",0.4,"Moderate turnover (0.4 ≤ M < 0.8)",1992,2018,27,0.944444444444444,1.425,0.55,1992,1995,2018,7,8,11,1,2018,TRUE,3.7
"BMACKPJPN","Spotted mackerel","Japan",0.4,"Moderate turnover (0.4 ≤ M < 0.8)",1995,2018,24,0.77073572885737,1.36194029850746,0.34076433121019,1995,1995,1997,11,10,2,1,1997,TRUE,4.2
"BMARLINPAC","Blue marlin","Pacific Ocean",0.42,"Moderate turnover (0.4 ≤ M < 0.8)",1971,2019,49,0.486831875607386,0.90952380952381,0.211904761904762,2002,NA,NA,44,5,0,0,2003,FALSE,0
"BNSNZ","Bluenose","New Zealand",0.08,"Long-lived (M < 0.2)",1935,2011,77,0.581516233766234,2.875,0,1992,1994,1997,57,2,3,15,2005,TRUE,19.5
"BRMSOJ","Yellow sea bream","Japan",0.22,"Medium-lived (0.2 ≤ M < 0.4)",1980,2010,31,4.09530791788856,6.72727272727273,2.09090909090909,1980,1980,1980,0,0,0,31,1995,TRUE,100
"BSBASSMATLC","Black sea bass","US East Coast",1.6,"Fast turnover (M ≥ 0.8)",1968,2019,52,0.384098557692308,0.8375,0.13125,1986,NA,NA,49,3,0,0,1994,FALSE,0
"BSBASSSATL","Black sea bass","US Southeast and Gulf",0.38,"Medium-lived (0.2 ≤ M < 0.4)",1978,2016,39,1.90539811066127,3.63157894736842,0.513157894736842,1978,1979,1982,2,3,6,28,1995,TRUE,71.8
"BSQLOBSTERCSCH","Yellow squat lobster","South America",0.3,"Medium-lived (0.2 ≤ M < 0.4)",1979,2015,37,0.791261261261261,2.73,0.05,1981,1981,1981,23,4,1,9,1981,TRUE,24.3
"BSQLOBSTERNCH","Yellow squat lobster","South America",0.3,"Medium-lived (0.2 ≤ M < 0.4)",1985,2015,31,1.05148387096774,2.73,0.122333333333333,1985,1985,1985,16,0,4,11,1985,TRUE,35.5
"BTSHRIMPNAUST","Brown tiger shrimp","Australia",2.34,"Fast turnover (M ≥ 0.8)",1970,2006,37,0.115416955416955,0.263675213675214,0.0126068376068376,NA,NA,NA,37,0,0,0,1983,FALSE,0
"CABEZORECOAST","Cabezon","US West Coast",0.25,"Medium-lived (0.2 ≤ M < 0.4)",1970,2018,49,1.25640816326531,2.552,0,1978,1986,1988,14,6,6,23,2001,TRUE,46.9
"CALSCORPSCAL","California scorpionfish","US West Coast",0.25,"Medium-lived (0.2 ≤ M < 0.4)",1916,2016,101,1.33464198019802,2.76,0.0556,1925,1925,1925,27,15,8,51,1975,TRUE,50.5
"CAPEIIa-V-XIV","Capelin","Europe non EU",0.035,"Long-lived (M < 0.2)",1979,2010,32,29.5266964285714,112,0,1979,1979,1979,2,0,0,30,1990,TRUE,93.8
"CHAKESA","Shallow water cape hake","Southern Africa",0.580666666666667,"Moderate turnover (0.4 ≤ M < 0.8)",1900,2020,121,0.266795460793616,1.2377743673938,0,1953,1955,NA,112,5,4,0,1957,FALSE,0
"CHILISPCOAST","Chilipepper","US West Coast",0.16,"Long-lived (M < 0.2)",1892,2016,125,0.272336,1.01875,0.00625,1984,1985,NA,114,9,2,0,1991,FALSE,0
"CHTRACCH","Chilean jack mackerel","South America",0.246666666666667,"Medium-lived (0.2 ≤ M < 0.4)",1970,2022,53,1.19479857215706,3.32432432432432,0.0405405405405405,1982,1982,1984,22,2,4,25,1997,TRUE,47.2
"CMACKNWA","Atlantic chub mackerel","West Africa",1.29,"Fast turnover (M ≥ 0.8)",1999,2010,12,0.458010335917313,0.728682170542636,0.255813953488372,NA,NA,NA,12,0,0,0,2001,FALSE,0
"CMACKPCOAST","Pacific chub mackerel","US West Coast",0.5,"Moderate turnover (0.4 ≤ M < 0.8)",1929,2018,90,0.473867559132608,1.438,0.01294,1946,1956,1956,70,11,5,4,1956,TRUE,4.4
"CMACKPJPN","Chub mackerel","Japan",0.4,"Moderate turnover (0.4 ≤ M < 0.8)",1970,2018,49,0.971858698117068,2.675,0.2,1970,1970,1970,19,7,10,13,1993,TRUE,26.5
"CMACKTSST","Chub mackerel","Japan",0.4,"Moderate turnover (0.4 ≤ M < 0.8)",1973,2018,46,0.999503614719962,1.5,0.584,1973,1974,1996,3,20,21,2,1996,TRUE,4.3
"COD3Pn4RS","Atlantic cod","Canada East Coast",1.1,"Fast turnover (M ≥ 0.8)",1974,2018,45,0.388280745737374,1.78181818181818,0.0272727272727273,1992,1992,1993,43,0,1,1,1993,TRUE,2.2
"COD4X5Yb","Atlantic cod","Canada East Coast",1.285,"Fast turnover (M ≥ 0.8)",1980,2017,38,0.294245340978906,0.863813229571985,0.0326848249027237,1992,NA,NA,37,1,0,0,1992,FALSE,0
"CODIS","Atlantic cod","European Union",0.2,"Medium-lived (0.2 ≤ M < 0.4)",1968,2019,52,5.15247394548077,9.4,0.1415,1968,1968,1968,2,0,1,49,2006,TRUE,94.2
"COWCODSCAL","Cowcod","US West Coast",0.06,"Long-lived (M < 0.2)",1900,2018,119,5.71078431372549,15.65,0,1902,1903,1903,20,3,0,96,1986,TRUE,80.7
"CRLOBSTERSA12","West coast rock lobster","Southern Africa",0.5825,"Moderate turnover (0.4 ≤ M < 0.8)",1910,2020,111,0.268230093159712,3.83050705288616,0.0124779158798283,1964,1964,1965,105,0,1,5,1967,TRUE,4.5
"CRLOBSTERSA34","West coast rock lobster","Southern Africa",0.5825,"Moderate turnover (0.4 ≤ M < 0.8)",1910,2020,111,0.150431444260264,0.640067821755948,0.00580591320934668,NA,NA,NA,111,0,0,0,1993,FALSE,0
"CRLOBSTERSA56","West coast rock lobster","Southern Africa",0.5825,"Moderate turnover (0.4 ≤ M < 0.8)",1910,2020,111,0.1160645180058,0.464879105936345,0.00637023158536852,NA,NA,NA,111,0,0,0,1992,FALSE,0
"CRLOBSTERSA7","West coast rock lobster","Southern Africa",0.5825,"Moderate turnover (0.4 ≤ M < 0.8)",1910,2020,111,0.185710127514239,1.98688481732424,0.00714573933458053,2010,2011,2012,108,1,1,1,2012,TRUE,0.9
"CRLOBSTERSA8","West coast rock lobster","Southern Africa",0.5825,"Moderate turnover (0.4 ≤ M < 0.8)",1910,2020,111,0.142173802738987,0.461802575107296,0.00140049695053083,NA,NA,NA,111,0,0,0,2013,FALSE,0
"CROCKPCOAST","Canary rockfish","US West Coast",0.06,"Long-lived (M < 0.2)",1892,2020,129,4.15507235142119,14.3,0.000833333333333333,1940,1942,1942,59,3,2,65,1992,TRUE,50.4
"CROCKWCVANISOGQCI","Canary rockfish","Canada West Coast",0.06,"Long-lived (M < 0.2)",1945,2009,65,1.26764102564103,2.93333333333333,0.183333333333333,1945,1968,1978,27,8,2,28,1989,TRUE,43.1
"CSARDCSCH","Chilean sardine","South America",1,"Fast turnover (M ≥ 0.8)",1990,2020,31,0.327903225806452,0.638,0.11,NA,NA,NA,31,0,0,0,1999,FALSE,0
"CTRACSA","Cape horse mackerel","Southern Africa",0.3,"Medium-lived (0.2 ≤ M < 0.4)",1949,2019,71,0.248352112676056,0.646666666666667,0.01,NA,NA,NA,71,0,0,0,1977,FALSE,0
"DEEPCHAKESA","Deep water cape hake","Southern Africa",0.569,"Moderate turnover (0.4 ≤ M < 0.8)",1900,2020,121,0.495127017095383,2.27768014059754,0,1963,1965,1966,74,28,12,7,1972,TRUE,5.8
"DEEPFLATHEADSE","Deepwater flathead","Australia",0.195742,"Long-lived (M < 0.2)",1978,2015,38,0.289747675377202,1.01664435839013,0,2003,2004,NA,35,2,1,0,2004,FALSE,0
"DKROCKPCOAST","Darkblotched rockfish","US West Coast",0.07,"Long-lived (M < 0.2)",1915,2020,106,4.28472371967655,12.5285714285714,0,1943,1943,1943,28,0,0,78,1987,TRUE,73.6
"DOYSFS","Dredge oyster","New Zealand",0.1,"Long-lived (M < 0.2)",1906,2012,107,0.200934579439252,0.6,0,NA,NA,NA,107,0,0,0,1966,FALSE,0
"DSOLEGA","Dover sole","US Alaska",0.085,"Long-lived (M < 0.2)",1978,2018,41,0.17202525107604,0.930588235294118,0.00318823529411765,1991,NA,NA,39,2,0,0,1991,FALSE,0
"DSOLEPCOAST","Dover sole","US West Coast",0.101,"Long-lived (M < 0.2)",1910,2020,111,1.15003121933815,3.59405940594059,0,1949,1950,1952,39,14,18,40,1991,TRUE,36
"DUSROCKGA","Dusky rockfish","US Alaska",0.07,"Long-lived (M < 0.2)",1977,2019,43,0.760923587707641,1.48571428571429,0.0755714285714286,1983,1992,1992,23,13,2,5,1992,TRUE,11.6
"ESOLEHS","English sole","Canada West Coast",0.2,"Medium-lived (0.2 ≤ M < 0.4)",1944,2001,58,1.58448275862069,5.5,0.3,1948,1948,1950,10,8,12,28,1961,TRUE,48.3
"FLSOLEBSAI","Flathead sole","US Alaska",0.2,"Medium-lived (0.2 ≤ M < 0.4)",1964,2020,57,0.255381579035088,0.571,0.0359,NA,NA,NA,57,0,0,0,2008,FALSE,0
"FLSOLEGA","Flathead sole","US Alaska",0.2,"Medium-lived (0.2 ≤ M < 0.4)",1978,2016,39,0.0730538461538461,0.163,0.007,NA,NA,NA,39,0,0,0,2010,FALSE,0
"FMEG8c9a","Fourspotted megrim","European Union",0.2,"Medium-lived (0.2 ≤ M < 0.4)",1986,2020,35,1.88701428571429,3.1,0.453,1986,1986,1986,3,2,1,29,1989,TRUE,82.9
"GAGGM","Gag","US Southeast and Gulf",0.134,"Long-lived (M < 0.2)",1963,2019,57,1.75723225648075,3.93283582089552,0.488805970149254,1969,1972,1975,8,5,5,39,2008,TRUE,68.4
"GAGSATLC","Gag","US Southeast and Gulf",0.14,"Long-lived (M < 0.2)",1962,2019,58,2.62884236453202,5.64285714285714,0.169285714285714,1975,1976,1977,13,1,1,43,2019,TRUE,74.1
"GEMFISHNZ","Common gemfish","New Zealand",0.24,"Medium-lived (0.2 ≤ M < 0.4)",1952,2007,56,0.247299851190476,0.7875,0.006375,1997,NA,NA,55,1,0,0,1997,FALSE,0
"GHAL23KLMNO","Greenland halibut","Canada East Coast",0.2,"Medium-lived (0.2 ≤ M < 0.4)",1975,2006,32,2.04953125,3.62,0.645,1975,1975,1975,2,1,2,27,1994,TRUE,84.4
"GHALBSAI","Greenland halibut","US Alaska",0.11,"Long-lived (M < 0.2)",1945,2020,76,0.495133971172249,1.87481818181818,0,1960,1961,1961,56,9,9,2,1962,TRUE,2.6
"GHALNEAR","Greenland halibut","Europe non EU",0.15,"Long-lived (M < 0.2)",1964,2020,57,1.08432421520468,4.33333333333333,0.105818586666667,1964,1964,1964,29,3,2,23,1991,TRUE,40.4
"GOLDREDNEAR","Golden redfish","Europe non EU",0.1,"Long-lived (M < 0.2)",1989,2019,31,8.85034240419355,17.8,1.5,1989,1989,1989,0,0,0,31,1990,TRUE,100
"GOPHERSPCOAST","Gopher rockfish","US West Coast",0.2,"Medium-lived (0.2 ≤ M < 0.4)",1965,2004,40,0.17714,0.404,0.0222,NA,NA,NA,40,0,0,0,1993,FALSE,0
"GRAMBERSATLC","Greater amberjack","US Southeast and Gulf",0.25,"Medium-lived (0.2 ≤ M < 0.4)",1946,2017,72,0.678333333333333,2.2,0,1984,1986,1987,39,4,13,16,1992,TRUE,22.2
"GRNSTROCKPCOAST","Greenstriped rockfish","US West Coast",0.08,"Long-lived (M < 0.2)",1916,2009,94,0.13498670212766,0.84625,0.00375,1988,NA,NA,92,2,0,0,1989,FALSE,0
"GRSPROCKNCAL","Greenspotted rockfish","US West Coast",0.07,"Long-lived (M < 0.2)",1916,2010,95,0.661654135338346,4.41428571428571,0,1976,1979,1981,71,3,5,16,1996,TRUE,16.8
"GRSPROCKSCAL","Greenspotted rockfish","US West Coast",0.07,"Long-lived (M < 0.2)",1916,2010,95,0.554285714285714,3.65714285714286,0,1972,1972,1974,72,5,4,14,1985,TRUE,14.7
"GSTRGZRSTA7","Giant stargazer","New Zealand",0.18,"Long-lived (M < 0.2)",1964,2007,44,1.00015946969697,4.48888888888889,0.00208333333333333,1991,1991,1992,27,0,1,16,2001,TRUE,36.4
"GTPRAWNNAUST","Grooved tiger prawn","Australia",2.34,"Fast turnover (M ≥ 0.8)",1970,2006,37,0.242871332871333,0.401282051282051,0.010982905982906,NA,NA,NA,37,0,0,0,1998,FALSE,0
"GTRIGGM","Gray triggerfish","US Southeast and Gulf",0.27,"Medium-lived (0.2 ≤ M < 0.4)",1945,2013,69,0.623043478260869,1.16666666666667,3.7037037037037e-05,1972,1978,NA,39,15,15,0,1987,FALSE,0
"HAKESPPSAF","Hake spp","Southern Africa",1,"Fast turnover (M ≥ 0.8)",1964,2019,56,0.282561080357143,0.50681,0.0178722,NA,NA,NA,56,0,0,0,2003,FALSE,0
"HERR30","Herring","European Union",0.2,"Medium-lived (0.2 ≤ M < 0.4)",1973,2015,43,0.699081395348837,1.03,0.334,1973,1982,NA,25,16,2,0,1984,FALSE,0
"HERR31","Herring","European Union",0.15,"Long-lived (M < 0.2)",1980,2015,36,2.62185185185185,6.12,1.18666666666667,1980,1980,1980,0,0,1,35,2012,TRUE,97.2
"HERR4RFA","Herring","Canada East Coast",0.2,"Medium-lived (0.2 ≤ M < 0.4)",1973,2002,30,0.420666666666667,0.995,0.16,1973,NA,NA,27,3,0,0,1998,FALSE,0
"HERR4RSP","Herring","Canada East Coast",0.2,"Medium-lived (0.2 ≤ M < 0.4)",1965,2003,39,1.06410256410256,2.89,0.115,1965,1965,1966,13,8,7,11,1967,TRUE,28.2
"HERR4TFA","Herring","Canada East Coast",0.2,"Medium-lived (0.2 ≤ M < 0.4)",1978,2017,40,1.56141312125,4.53,0.55,1978,1978,1978,4,6,8,22,1980,TRUE,55
"HERR4TSP","Herring","Canada East Coast",0.2,"Medium-lived (0.2 ≤ M < 0.4)",1978,2018,41,2.29269583170732,8.7,0.185,1978,1978,1979,5,3,7,26,1980,TRUE,63.4
"HERR4VWX","Herring","Canada East Coast",0.2,"Medium-lived (0.2 ≤ M < 0.4)",1965,2012,48,3.1384375,12.3,0.505,1966,1966,1966,5,3,3,37,2004,TRUE,77.1
"HERRIsum","Herring","Europe non EU",0.1,"Long-lived (M < 0.2)",1987,2020,34,2.58842312558824,4.4,0.8,1987,1987,1987,0,1,3,30,1991,TRUE,88.2
"HERRPWS","Pacific herring","US Alaska",0.25,"Medium-lived (0.2 ≤ M < 0.4)",1980,2006,27,0.363259259259259,1.024,0,1981,1981,NA,22,3,2,0,1992,FALSE,0
"HERRRIGA","Herring","European Union",0.2,"Medium-lived (0.2 ≤ M < 0.4)",1977,2020,44,2.12264772727273,3.54,1.21,1977,1977,1977,0,0,4,40,1984,TRUE,90.9
"HERRSITKA","Pacific herring","US Alaska",0.2,"Medium-lived (0.2 ≤ M < 0.4)",1978,2007,30,0.7355,1.585,0,1979,1985,1989,16,8,3,3,1989,TRUE,10
"HOKIENZ","Hoki","New Zealand",0.29,"Medium-lived (0.2 ≤ M < 0.4)",1970,2022,53,0.345283018867925,0.955172413793104,0,2003,NA,NA,51,2,0,0,2004,FALSE,0
"HOKIWNZ","Hoki","New Zealand",0.29,"Medium-lived (0.2 ≤ M < 0.4)",1970,2022,53,0.446785946649317,1.24137931034483,0,1988,2002,NA,43,7,3,0,2003,FALSE,0
"JAMBERJPN","Japanese amberjack","Japan",0.3,"Medium-lived (0.2 ≤ M < 0.4)",1994,2013,20,1.48772604269268,1.6780303030303,1.28187919463087,1994,1994,1994,0,0,0,20,2008,TRUE,100
"JANCHOPJPN","Japanese anchovy","Japan",1,"Fast turnover (M ≥ 0.8)",1978,2013,36,0.275905971120819,0.403587443946188,0.159636363636364,NA,NA,NA,36,0,0,0,1984,FALSE,0
"JANCHOSETO","Japanese anchovy","Japan",2.4095,"Fast turnover (M ≥ 0.8)",1981,2018,38,0.137431031339529,0.216116085211485,0.0730094336445287,NA,NA,NA,38,0,0,0,1989,FALSE,0
"JANCHOTSST","Japanese anchovy","Japan",1,"Fast turnover (M ≥ 0.8)",1977,2018,42,0.460163080812488,0.54,0.337651821862348,NA,NA,NA,42,0,0,0,2014,FALSE,0
"JCSQUIDJPNAR","Japanese flying squid","Japan",1.2,"Fast turnover (M ≥ 0.8)",1979,2014,36,0.180022458760184,0.31924882629108,0.0808641975308642,NA,NA,NA,36,0,0,0,1985,FALSE,0
"JCSQUIDJPNWR","Japanese flying squid","Japan",1.2,"Fast turnover (M ≥ 0.8)",1979,2014,36,0.231033626422795,0.402097902097902,0.150423728813559,NA,NA,NA,36,0,0,0,1987,FALSE,0
"JMACKPJPN","Japanese jack mackerel","Japan",0.5,"Moderate turnover (0.4 ≤ M < 0.8)",1982,2019,38,1.88070637058334,3.2,0.66,1982,1982,1982,1,9,0,28,1994,TRUE,73.7
"JMACKTSST","Japanese jack mackerel","Japan",0.5,"Moderate turnover (0.4 ≤ M < 0.8)",1973,2019,47,1.83459185399937,3.2,0.545454545454546,1973,1973,1973,7,2,0,38,1982,TRUE,80.9
"JPUFFIMKB","Japanese pufferfish","Japan",0.25,"Medium-lived (0.2 ≤ M < 0.4)",1993,2013,21,2.58396922297718,3.38461538461538,2.02727272727273,1993,1993,1993,0,0,0,21,1998,TRUE,100
"JPUFFSOJECSSI","Japanese pufferfish","Japan",0.25,"Medium-lived (0.2 ≤ M < 0.4)",2002,2013,12,1.27145692289063,1.58264462809917,1.07728337236534,2002,2002,2002,0,0,5,7,2002,TRUE,58.3
"KCROCKNPAC","Kichiji rockfish","Japan",0.125,"Long-lived (M < 0.2)",1995,2013,19,1.084844417436,2.13521126760563,0.492117465224111,1995,1995,1995,4,4,6,5,1995,TRUE,26.3
"KELPGREENLINGORECOAST","Kelp greenling","US West Coast",0.26,"Medium-lived (0.2 ≤ M < 0.4)",1915,2014,100,0.05403462444224,0.26525198938992,0.00632842334969996,NA,NA,NA,100,0,0,0,2002,FALSE,0
"KMACKGM","King mackerel","US Southeast and Gulf",0.16,"Long-lived (M < 0.2)",1930,2017,88,2.07098842329545,6.15625,0.002925,1954,1956,1958,25,6,2,55,1989,TRUE,62.5
"LINGCODNPCOAST","Lingcod","US West Coast",0.18,"Long-lived (M < 0.2)",1889,2020,132,1.28208627912458,5.01011111111111,0.0319444444444444,1938,1940,1942,60,13,8,51,1991,TRUE,38.6
"LINGCODSPCOAST","Lingcod","US West Coast",0.18,"Long-lived (M < 0.2)",1889,2020,132,1.94693223893098,4.92138888888889,0,1911,1918,1924,23,14,15,80,1991,TRUE,60.6
"LNOSESKAPCOAST","Longnose skate","US West Coast",0.2,"Medium-lived (0.2 ≤ M < 0.4)",1915,2018,104,0.916153846153846,2.395,0,1952,1972,1979,52,5,13,34,1997,TRUE,32.7
"LOBSTERGB","American lobster","US East Coast",0.15,"Long-lived (M < 0.2)",1982,2007,26,1.86333333333333,5.18,1.13333333333333,1982,1982,1982,0,0,1,25,2007,TRUE,96.2
"LOBSTERGOM","American lobster","US East Coast",0.15,"Long-lived (M < 0.2)",1982,2007,26,5.12820512820513,10.8666666666667,3,1982,1982,1982,0,0,0,26,2007,TRUE,100
"LOBSTERGOMGB","American lobster","US East Coast",0.15,"Long-lived (M < 0.2)",1979,2018,40,3.165,3.6,2.73333333333333,1979,1979,1979,0,0,0,40,1985,TRUE,100
"LOBSTERSNE","American lobster","US East Coast",0.2175,"Medium-lived (0.2 ≤ M < 0.4)",1979,2018,40,3.5264367816092,6.85057471264368,1.10344827586207,1979,1979,1979,0,0,8,32,1998,TRUE,80
"LSTHORNHPCOAST","Longspine thornyhead","US West Coast",0.11,"Long-lived (M < 0.2)",1964,2018,55,1.89785123966942,5.69090909090909,0.0181818181818182,1985,1985,1985,22,0,2,31,1995,TRUE,56.4
"MACKNEICES","Mackerel","European Union",0.15,"Long-lived (M < 0.2)",1972,2020,49,1.73508459863946,3.04666666666667,0.125333333333333,1973,1973,1974,1,0,3,45,2002,TRUE,91.8
"MEG8c9a","Megrim","European Union",0.2,"Medium-lived (0.2 ≤ M < 0.4)",1986,2020,35,1.37215714285714,2.49,0.39,1986,1986,1986,4,7,4,20,1988,TRUE,57.1
"MENATGM","Gulf menhaden","US Southeast and Gulf",2.11,"Fast turnover (M ≥ 0.8)",1977,2020,44,2.26337775314428,6.54028436018957,0.0978106112865754,1977,1977,1977,11,0,4,29,1984,TRUE,65.9
"MENATLAN","Atlantic menhaden","US East Coast",1.25,"Fast turnover (M ≥ 0.8)",1955,2021,67,0.849449719402985,5.664,0.1279976,1955,1955,1955,41,10,8,8,1956,TRUE,11.9
"MONKGOMNGB","Monkfish","US East Coast",0.3,"Medium-lived (0.2 ≤ M < 0.4)",1980,2011,32,1.33645833333333,4.03333333333333,0.233333333333333,1991,1992,1993,14,2,2,14,2003,TRUE,43.8
"MONKSGBMATL","Monkfish","US East Coast",0.3,"Medium-lived (0.2 ≤ M < 0.4)",1980,2011,32,0.479166666666667,0.966666666666667,0.166666666666667,1993,NA,NA,25,7,0,0,1997,FALSE,0
"MORWONGESE","Jackass morwong","Australia",0.15,"Long-lived (M < 0.2)",1915,2020,106,0.740235911949686,10.0108666666667,0.00146666666666667,1980,1997,2015,85,14,1,6,2019,TRUE,5.7
"MORWONGSE","Jackass morwong","Australia",0.15,"Long-lived (M < 0.2)",1913,2007,95,0.381510808603371,1.0702947845805,0,1980,1997,NA,82,11,2,0,1997,FALSE,0
"MORWONGWSE","Jackass morwong","Australia",0.15,"Long-lived (M < 0.2)",1986,2017,32,0.287898666666667,0.76,0.0400666666666667,2001,NA,NA,30,2,0,0,2001,FALSE,0
"MULLQNSW","Sea mullet","Australia",0.33,"Medium-lived (0.2 ≤ M < 0.4)",1992,2003,12,0.975,1.55454545454545,0.375757575757576,1992,1992,1995,4,2,2,4,1998,TRUE,33.3
"MUTSNAPSATLCGM","Mutton snapper","US Southeast and Gulf",0.11,"Long-lived (M < 0.2)",1981,2013,33,1.82055096418733,3.52727272727273,0.609090909090909,1981,1981,1981,2,0,3,28,1995,TRUE,84.8
"NROCKBSAI","Northern rockfish","US Alaska",0.0427,"Long-lived (M < 0.2)",1977,2020,44,0.546636150734511,1.42622950819672,0.0262295081967213,1977,1977,1978,30,6,6,2,1996,TRUE,4.5
"NROCKGA","Northern rockfish","US Alaska",0.06,"Long-lived (M < 0.2)",1961,2019,59,0.664155367231638,2.48333333333333,0.0346666666666667,1964,1964,1964,35,18,3,3,1965,TRUE,5.1
"NRSOLEEBSAI","Northern rock sole","US Alaska",0.18,"Long-lived (M < 0.2)",1975,2020,46,0.620001208454106,7.71422222222222,0.138111111111111,1975,1975,1975,40,2,0,4,1978,TRUE,8.7
"NSHRIMPCSCH","Nylon shrimp","South America",0.36,"Medium-lived (0.2 ≤ M < 0.4)",1945,2016,72,1.02813695987654,2.275,0.00188888888888889,1964,1966,1966,34,3,2,33,1978,TRUE,45.8
"NSHRIMPNCH","Nylon shrimp","South America",0.36,"Medium-lived (0.2 ≤ M < 0.4)",1961,2016,56,0.847301587301587,2.275,0,1984,1987,1987,34,4,2,16,1992,TRUE,28.6
"NZLINGESE","Ling","Australia",0.2,"Medium-lived (0.2 ≤ M < 0.4)",1968,2007,40,0.314768999843027,0.863849765258215,0,2006,NA,NA,38,2,0,0,2007,FALSE,0
"NZLINGLIN3-4","Ling","New Zealand",0.431,"Moderate turnover (0.4 ≤ M < 0.8)",1968,2022,55,0.0788430288968572,0.299303944315545,0,NA,NA,NA,55,0,0,0,1977,FALSE,0
"NZLINGLIN5-6","Ling","New Zealand",0.3716,"Medium-lived (0.2 ≤ M < 0.4)",1968,2020,53,0.0707771086784329,0.169537136706136,0,NA,NA,NA,53,0,0,0,2018,FALSE,0
"NZLINGLIN6b","Ling","New Zealand",0.18,"Long-lived (M < 0.2)",1980,2006,27,0.164258847736626,0.509444444444444,0,NA,NA,NA,27,0,0,0,2000,FALSE,0
"NZLINGLIN72","Ling","New Zealand",0.191885,"Long-lived (M < 0.2)",1972,2007,36,0.241255613171083,0.49091904005003,0,NA,NA,NA,36,0,0,0,1999,FALSE,0
"NZLINGLIN7WC","Ling","New Zealand",0.2,"Medium-lived (0.2 ≤ M < 0.4)",1971,2022,52,0.179771538461538,0.485,0,NA,NA,NA,52,0,0,0,2021,FALSE,0
"NZLINGWSE","Ling","Australia",0.2,"Medium-lived (0.2 ≤ M < 0.4)",1968,2007,40,0.115191637336829,0.355607476635514,0,NA,NA,NA,40,0,0,0,2004,FALSE,0
"NZSNAPNZ8","New Zealand snapper","New Zealand",0.0507649,"Long-lived (M < 0.2)",1931,2005,75,2.24402293710812,7.26880186900792,0.0549592336437184,1963,1965,1966,33,1,1,40,1977,TRUE,53.3
"OFLOUNECS","Japanese flounder","Japan",0.259,"Medium-lived (0.2 ≤ M < 0.4)",1986,2013,28,2.30912339410007,3.08880308880309,1.38455823587019,1986,1986,1986,0,0,0,28,1997,TRUE,100
"OFLOUNNSJ","Japanese flounder","Japan",0.2,"Medium-lived (0.2 ≤ M < 0.4)",1999,2013,15,2.14094137587444,2.41697416974169,1.95147679324894,1999,1999,1999,0,0,0,15,2008,TRUE,100
"OFLOUNPAC","Japanese flounder","Japan",0.21,"Medium-lived (0.2 ≤ M < 0.4)",1990,2012,23,2.33629543134454,4.09463148316651,0.774885754023448,1990,1990,1990,0,2,0,21,2007,TRUE,91.3
"OFLOUNSETO","Japanese flounder","Japan",0.31,"Medium-lived (0.2 ≤ M < 0.4)",1987,2013,27,1.10924902717548,1.26121756002911,0.919354838709677,1987,1987,1999,0,4,21,2,2002,TRUE,7.4
"OPOUTNWATLC","Ocean pout","US East Coast",0.2,"Medium-lived (0.2 ≤ M < 0.4)",1968,2019,52,4.39067307692308,26.95,0.745,1968,1968,1968,1,3,6,42,1969,TRUE,80.8
"OROUGHYCH","Orange roughy","South America",0.045,"Long-lived (M < 0.2)",1999,2011,13,1.65897435897436,4.06666666666667,0,1999,1999,2000,5,0,2,6,2004,TRUE,46.2
"OROUGHYCR","Orange roughy","New Zealand",0.05,"Long-lived (M < 0.2)",1979,2006,28,1.09967857142857,2.32,0,1981,1981,1981,6,5,8,9,1981,TRUE,32.1
"OROUGHYESCR","Orange roughy","New Zealand",0.045,"Long-lived (M < 0.2)",1979,2017,39,1.73749287749288,3.94888888888889,0.744444444444444,1980,1980,1980,1,4,10,24,1990,TRUE,61.5
"OROUGHYNWCR","Orange roughy","New Zealand",0.045,"Long-lived (M < 0.2)",1911,2017,107,0.887063343717549,5.26666666666667,0,1981,1981,1981,77,1,1,28,2001,TRUE,26.2
"OROUGHYNZ7A","Orange roughy","New Zealand",0.045,"Long-lived (M < 0.2)",1911,2014,104,0.756410256410256,9.77777777777778,0,1982,1982,1983,85,0,1,18,1989,TRUE,17.3
"OROUGHYNZMEC","Orange roughy","New Zealand",0.78,"Moderate turnover (0.4 ≤ M < 0.8)",1909,2011,103,0.155090863828728,2.94871794871795,0,1990,1991,1992,97,1,1,4,1994,TRUE,3.9
"OROUGHYSE","Orange roughy","Australia",0.04,"Long-lived (M < 0.2)",1978,2013,36,1.01022152777778,7,0,1989,1989,1989,23,6,1,6,1992,TRUE,16.7
"PANCHCCH","Peruvian anchoveta","South America",1.3,"Fast turnover (M ≥ 0.8)",1985,2020,36,0.432029914529915,1.30769230769231,0.0692307692307692,1995,1998,1998,33,2,0,1,1998,TRUE,2.8
"PANCHCSCH","Peruvian anchoveta","South America",0.7,"Moderate turnover (0.4 ≤ M < 0.8)",1990,2020,31,1.78165898617512,5.17142857142857,0.144285714285714,1990,1990,1990,9,2,2,18,2010,TRUE,58.1
"PANCHNCHSP","Peruvian anchoveta","South America",1.6,"Fast turnover (M ≥ 0.8)",1984,2019,36,1.63621111111111,4.9875,0.16375,1984,1984,1984,12,2,5,17,2014,TRUE,47.2
"PANDALGOM","Northern shrimp","US East Coast",0.25,"Medium-lived (0.2 ≤ M < 0.4)",1984,2020,37,1.15937297297297,4.96,0,1984,1984,1995,15,7,6,9,2011,TRUE,24.3
"PATGRENADIERCH","Patagonian grenadier","South America",0.35,"Medium-lived (0.2 ≤ M < 0.4)",1985,2020,36,0.403436507936508,0.694285714285714,0.0505714285714286,NA,NA,NA,36,0,0,0,1999,FALSE,0
"PATGRENADIERSARG","Patagonian grenadier","South America",0.333333333333333,"Medium-lived (0.2 ≤ M < 0.4)",1985,2018,34,0.564705882352942,1.356,0.0570000000000001,1988,1999,2011,22,7,4,1,2011,TRUE,2.9
"PAUANPAU5A","Paua","New Zealand",0.165,"Long-lived (M < 0.2)",1965,2014,50,0.867059393939394,2.03636363636364,0.0226666666666667,1981,1984,1989,25,7,3,15,2005,TRUE,30
"PAUAPAU5B","Paua","New Zealand",0.15,"Long-lived (M < 0.2)",1963,2013,51,0.825507189542484,1.86666666666667,0,1980,1981,1984,21,12,3,15,1995,TRUE,29.4
"PAUAPAU5D","Paua","New Zealand",0.15,"Long-lived (M < 0.2)",1964,2022,59,1.36549729073446,4.24,0,1981,1984,1984,20,6,3,30,2006,TRUE,50.8
"PAUAPAU7","Paua","New Zealand",0.125,"Long-lived (M < 0.2)",1965,2015,51,2.73996392156863,6.408,0.03632,1977,1979,1981,13,2,1,35,2003,TRUE,68.6
"PAUASPAU5A","Paua","New Zealand",0.115,"Long-lived (M < 0.2)",1965,2014,50,1.15530434782609,2.73913043478261,0.0220869565217391,1980,1984,1984,17,8,3,22,1996,TRUE,44
"PCEELARGS","Pink cusk eel","South America",0.2,"Medium-lived (0.2 ≤ M < 0.4)",1980,2013,34,0.79,1.595,0.06,1990,1997,1998,14,10,4,6,2011,TRUE,17.6
"PCEELCSCH","Pink cusk eel","South America",0.27,"Medium-lived (0.2 ≤ M < 0.4)",1978,2020,43,1.31352282515073,3.81481481481481,0.37037037037037,1978,1978,1978,11,5,8,19,1989,TRUE,44.2
"PCEELSCH","Pink cusk eel","South America",0.23,"Medium-lived (0.2 ≤ M < 0.4)",1978,2020,43,1.69868554095045,5.39130434782609,0.130434782608696,1978,1978,1978,9,0,2,32,1990,TRUE,74.4
"PCOD5AB","Pacific cod","Canada West Coast",0.426,"Moderate turnover (0.4 ≤ M < 0.8)",1956,2013,58,0.761575198316335,1.77934272300469,0.145539906103286,1957,1957,1987,32,12,10,4,1993,TRUE,6.9
"PCODGA","Pacific cod","US Alaska",0.38,"Medium-lived (0.2 ≤ M < 0.4)",1977,2019,43,0.565553243574051,1.92631578947368,0.00413157894736842,1992,1999,2017,27,14,1,1,2017,TRUE,2.3
"PCODHS","Pacific cod","Canada West Coast",0.48,"Moderate turnover (0.4 ≤ M < 0.8)",1956,2013,58,0.419971264367816,1.10208333333333,0.0729166666666667,1958,1991,NA,51,5,2,0,1991,FALSE,0
"PCODNPAC","Pacific cod","Japan",0.313,"Medium-lived (0.2 ≤ M < 0.4)",1996,2013,18,1.16773010788153,2.18207568920655,0.34811684816838,1996,1996,1996,3,3,6,6,2010,TRUE,33.3
"PCODWCVANI","Pacific cod","Canada West Coast",0.579,"Moderate turnover (0.4 ≤ M < 0.8)",1956,2017,62,0.301308551290855,1.25906735751295,0.0129657305664605,1991,1991,1991,58,3,0,1,1991,TRUE,1.6
"PERCHEBSAI","Pacific ocean perch","US Alaska",0.062,"Long-lived (M < 0.2)",1960,2019,60,2.45717741908602,13.4732258064516,0.037258064516129,1961,1961,1961,27,10,3,20,1970,TRUE,33.3
"PERCHHG","Pacific ocean perch","Canada West Coast",1,"Fast turnover (M ≥ 0.8)",1940,2016,77,0.0434022938051948,0.12360765,0.000216579,NA,NA,NA,77,0,0,0,1966,FALSE,0
"PHAKEPCOAST","Pacific hake","US West Coast",0.223,"Medium-lived (0.2 ≤ M < 0.4)",1966,2020,55,1.60635140644109,3.86502242152466,0.565022421524664,1966,1966,1967,6,5,9,35,2017,TRUE,63.6
"PHFLOUNSOJ","Pointhead flounder","Japan",0.3,"Medium-lived (0.2 ≤ M < 0.4)",1997,2013,17,1.12306047211521,1.48809523809524,0.753246753246753,1997,1997,1999,0,6,5,6,2000,TRUE,35.3
"PILCHPJPN","Japanese sardine","Japan",0.4,"Moderate turnover (0.4 ≤ M < 0.8)",1976,2019,44,1.29271604084322,3.75,0.36,1976,1976,1976,16,6,5,17,1976,TRUE,38.6
"PILCHTSST","Japanese sardine","Japan",0.4,"Moderate turnover (0.4 ≤ M < 0.8)",1960,2019,60,0.631032694470369,1.7375,0.0495,1960,1960,1960,43,6,4,7,1996,TRUE,11.7
"PLAIC7d","European plaice","European Union",0.1,"Long-lived (M < 0.2)",1980,2020,41,5.82627176829268,12.2,1.12,1980,1980,1980,0,0,2,39,1997,TRUE,95.1
"PLAICCELT","European plaice","European Union",0.12,"Long-lived (M < 0.2)",1977,2018,42,5.76590289424658,11,0.498466257668712,1977,1977,1977,4,1,0,37,2012,TRUE,88.1
"PLAICECHW","European plaice","European Union",0.12,"Long-lived (M < 0.2)",1980,2019,40,7.82140112833333,11.25,2.89166666666667,1980,1980,1980,0,0,0,40,2007,TRUE,100
"PLAICIIIa","European plaice","European Union",0.1,"Long-lived (M < 0.2)",1978,2006,29,10.1172413793103,18.7,5.7,1978,1978,1978,0,0,0,29,1999,TRUE,100
"PLAICIS","European plaice","European Union",0.12,"Long-lived (M < 0.2)",1981,2020,40,7.63589583333333,21.1666666666667,0.366666666666667,1981,1981,1981,5,0,0,35,1993,TRUE,87.5
"PLAICNS","European plaice","European Union",0.1,"Long-lived (M < 0.2)",1957,2020,64,4.51692525625,7.9,1.4892066,1957,1957,1957,0,0,0,64,1997,TRUE,100
"POPERCHGA","Pacific ocean perch","US Alaska",0.06,"Long-lived (M < 0.2)",1961,2020,60,2.59371388861111,11.7666666666667,0.228333333333333,1962,1962,1962,6,5,14,35,1965,TRUE,58.3
"POPERCHPCOAST","Pacific ocean perch","US West Coast",0.05,"Long-lived (M < 0.2)",1918,2016,99,4.55951919191919,17.9884,8e-04,1943,1943,1943,34,5,2,58,1966,TRUE,58.6
"PTOOTHFISHCH","Patagonian toothfish","South America",0.15,"Long-lived (M < 0.2)",1978,2019,42,0.673015873015873,1.6,0,1994,1994,1995,24,3,8,7,2000,TRUE,16.7
"PTOOTHFISHMI","Patagonian toothfish","Australia",0.13,"Long-lived (M < 0.2)",1975,2009,35,0.115969230769231,0.892307692307692,0,1995,NA,NA,34,1,0,0,1995,FALSE,0
"PTOOTHFISHPEI","Patagonian toothfish","Southern Africa",0.13,"Long-lived (M < 0.2)",1997,2018,22,0.372727272727273,4.02307692307692,0,1997,1997,1997,19,2,0,1,1997,TRUE,4.5
"QUAHATLC","Ocean quahog","US East Coast",0.02,"Long-lived (M < 0.2)",1978,2016,39,0.409102564102564,0.55,0.2,NA,NA,NA,39,0,0,0,2003,FALSE,0
"RBRMECS","Red seabream","Japan",0.125,"Long-lived (M < 0.2)",1986,2013,28,2.84944222100855,3.43529411764706,2.488,1986,1986,1986,0,0,0,28,2012,TRUE,100
"RBRMMEDGSA1-3","Red seabream","Mediterranean-Black Sea",0.2,"Medium-lived (0.2 ≤ M < 0.4)",2011,2011,1,0.97,0.97,0.97,2011,NA,NA,0,1,0,0,2011,FALSE,0
"RBRMSETOE","Red seabream","Japan",0.24,"Medium-lived (0.2 ≤ M < 0.4)",1977,2013,37,1.80852800515448,2.24166666666667,1.3125,1977,1977,1977,0,0,0,37,1984,TRUE,100
"RBRMSETOW","Red seabream","Japan",0.24,"Medium-lived (0.2 ≤ M < 0.4)",1977,2013,37,1.15539147206369,1.425,0.85,1977,1980,1990,0,5,22,10,1996,TRUE,27
"RDSHRMPMEDGSA6","Red shrimp","Mediterranean-Black Sea",0.46,"Moderate turnover (0.4 ≤ M < 0.8)",1996,2014,19,2.6441647597254,3.69565217391304,0.958695652173913,1996,1996,1996,0,1,0,18,2004,TRUE,94.7
"REDFEAUS","Redfish","Australia",0.1,"Long-lived (M < 0.2)",1975,2016,42,1.27180952380952,2.42,0.279,1979,1979,1979,11,4,4,23,1998,TRUE,54.8
"REDFISHSPP3M","Redfish species","Canada East Coast",0.1,"Long-lived (M < 0.2)",1989,2014,26,2.38952937789919,7.45,0.172538860103627,1989,1989,1989,9,2,0,15,1995,TRUE,57.7
"REXSOLEGA","Rex sole","US Alaska",0.17,"Long-lived (M < 0.2)",1982,2017,36,0.499325163398693,1.05294117647059,0.0212941176470588,1991,1996,NA,29,6,1,0,1996,FALSE,0
"REYEROCKBSAI","Rougheye rockfish","US Alaska",0.03,"Long-lived (M < 0.2)",1977,2014,38,2.97174561403509,22.6666666666667,0.0343333333333333,1977,1978,1978,10,6,4,18,1979,TRUE,47.4
"REYEROCKGA","Rougheye rockfish","US Alaska",0.034,"Long-lived (M < 0.2)",1977,2009,33,0.660169340463458,2.35882352941176,0.119117647058824,1977,1977,1988,27,0,3,3,1990,TRUE,9.1
"RGROUPGM","Red grouper","US Southeast and Gulf",0.14,"Long-lived (M < 0.2)",1986,2017,32,1.62120535714286,3.21428571428571,0.714285714285714,1986,1986,1986,1,1,4,26,2005,TRUE,81.2
"RGROUPSATL","Red grouper","US Southeast and Gulf",0.14,"Long-lived (M < 0.2)",1976,2015,40,2.775,5.71428571428571,1.21428571428571,1976,1976,1976,0,0,1,39,1984,TRUE,97.5
"RHERRTSST","Round herring","Japan",0.7,"Moderate turnover (0.4 ≤ M < 0.8)",1976,2018,43,0.595212250114071,0.849085838239851,0.355601233299076,1983,NA,NA,39,4,0,0,1984,FALSE,0
"RKCRABPI","Red king crab","US Alaska",0.18,"Long-lived (M < 0.2)",1976,2019,44,0.122702256916452,1.69683257918552,0,1993,1993,1993,40,2,1,1,1993,TRUE,2.3
"RPORGYSATLC","Red porgy","US Southeast and Gulf",0.23,"Medium-lived (0.2 ≤ M < 0.4)",1972,2017,46,1.35868620037807,4.56521739130435,0.208695652173913,1980,1981,1982,22,4,1,19,1990,TRUE,41.3
"RROCKLOBSTERCRA1","Red rock lobster","New Zealand",0.124504,"Long-lived (M < 0.2)",1945,2013,69,1.16800857105342,2.89147336631755,0.108430251236908,1964,1964,1968,24,7,12,26,1971,TRUE,37.7
"RROCKLOBSTERCRA2","Red rock lobster","New Zealand",0.1610035,"Long-lived (M < 0.2)",1945,2012,68,2.10499625601855,6.06819106416941,0.219870996593242,1963,1964,1967,18,1,3,46,1985,TRUE,67.6
"RROCKLOBSTERCRA3","Red rock lobster","New Zealand",0.251074,"Medium-lived (0.2 ≤ M < 0.4)",1945,2013,69,3.45720004253033,11.1919195137688,0.121478129953719,1964,1966,1967,19,5,3,42,1990,TRUE,60.9
"RROCKLOBSTERCRA4","Red rock lobster","New Zealand",0.322091,"Medium-lived (0.2 ≤ M < 0.4)",1945,2010,66,1.53421727324755,6.08523678090974,0.179762862048303,1953,1966,1969,22,11,9,24,1987,TRUE,36.4
"RROCKLOBSTERCRA5","Red rock lobster","New Zealand",0.132253,"Long-lived (M < 0.2)",1945,2014,70,2.59550147930752,9.98086999916826,0.145932417412081,1949,1950,1966,10,8,8,44,1986,TRUE,62.9
"RROCKLOBSTERCRA7","Red rock lobster","New Zealand",0.1029135,"Long-lived (M < 0.2)",1963,2014,52,2.79762578804978,6.27711621896058,0.483901528953927,1963,1963,1963,2,3,2,45,1978,TRUE,86.5
"RROCKLOBSTERCRA8","Red rock lobster","New Zealand",0.09487705,"Long-lived (M < 0.2)",1963,2014,52,2.88774544772175,4.93269974140216,1.11723541151416,1963,1963,1965,0,0,2,50,1985,TRUE,96.2
"RROCKLOBSTERSAUSNZ","Rock lobster","Australia",0.1,"Long-lived (M < 0.2)",1970,2009,40,2.207,3.46,1.01,1970,1970,1982,0,0,12,28,1999,TRUE,70
"RROCKLOBSTERSAUSSZ","Rock lobster","Australia",0.1,"Long-lived (M < 0.2)",1970,2009,40,4.76675,6.96,3.34,1970,1970,1970,0,0,0,40,2009,TRUE,100
"RSFLOUNSOJ","Round nose flounder","Japan",0.35,"Medium-lived (0.2 ≤ M < 0.4)",1993,2013,21,0.94116915723974,1.12224448897796,0.745341614906831,1993,1996,NA,1,13,7,0,1996,FALSE,0
"RSHRMPMEDGSA12-16","Deep water rose shrimp","Mediterranean-Black Sea",1.05,"Fast turnover (M ≥ 0.8)",2007,2011,5,1.2312380952381,1.57142857142857,0.775238095238095,2007,2008,2009,0,1,1,3,2011,TRUE,60
"RSHRMPMEDGSA18","Deep water rose shrimp","Mediterranean-Black Sea",0.98,"Fast turnover (M ≥ 0.8)",2008,2011,4,1.61479591836735,1.76530612244898,1.47959183673469,2008,2008,2008,0,0,0,4,2009,TRUE,100
"RSNAPGM","Red snapper","US Southeast and Gulf",0.09,"Long-lived (M < 0.2)",1872,2016,145,0.554260536398467,1.77777777777778,0.00555555555555556,1958,1959,1967,96,6,8,35,1986,TRUE,24.1
"RSNAPSATLC","Red snapper","US Southeast and Gulf",0.08,"Long-lived (M < 0.2)",1950,2019,70,4.70232141946429,16.899999975,0.175,1957,1961,1967,7,4,6,53,2009,TRUE,75.7
"RSOLE5AB","Rock sole","Canada West Coast",0.2514,"Medium-lived (0.2 ≤ M < 0.4)",1945,2013,69,0.580475828116173,1.6109785202864,0.000525059665871122,1966,1969,2002,50,10,6,3,2003,TRUE,4.3
"RSOLEHSTR","Rock sole","Canada West Coast",0.2257,"Medium-lived (0.2 ≤ M < 0.4)",1945,2013,69,1.24175993527383,3.96987151085512,0.128489144882588,1946,1946,1947,27,7,6,29,1952,TRUE,42
"RSQLOBSTERCSCH","Red squat lobster","South America",0.35,"Medium-lived (0.2 ≤ M < 0.4)",1968,2015,48,1.31130952380952,9.62857142857143,0,1968,1968,1968,30,1,1,16,1977,TRUE,33.3
"RSQLOBSTERNCH","Red squat lobster","South America",0.35,"Medium-lived (0.2 ≤ M < 0.4)",1998,2015,18,0.882539682539683,3.11428571428571,0.257142857142857,2000,2000,2000,13,0,0,5,2002,TRUE,27.8
"SAABALONESA","South African abalone","Southern Africa",0.15,"Long-lived (M < 0.2)",1951,2015,65,0.851117948717949,2.74666666666667,0,1961,1962,1964,36,8,10,11,1967,TRUE,16.9
"SABLEFEBSAIGA","Sablefish","US Alaska",0.1,"Long-lived (M < 0.2)",1960,2019,60,0.78127,1.58,0.09,1969,1971,1972,30,16,10,4,1972,TRUE,6.7
"SABLEFPCAN","Sablefish","Canada West Coast",0.06,"Long-lived (M < 0.2)",1962,2021,60,1.56645666666667,3.4,0.0524166666666667,1969,1972,1972,8,13,2,37,1999,TRUE,61.7
"SABLEFPCOAST","Sablefish","US West Coast",0.08,"Long-lived (M < 0.2)",1890,2020,131,3.69074904580153,8.75,0,1916,1916,1916,26,2,1,102,1979,TRUE,77.9
"SARDMEDGSA17","Sardine","Mediterranean-Black Sea",0.76,"Moderate turnover (0.4 ≤ M < 0.8)",2000,2011,12,0.494517543859649,1.05394736842105,0.185526315789474,2001,2011,NA,10,1,1,0,2011,FALSE,0
"SARDPCOAST","Pacific sardine","US West Coast",0.4,"Moderate turnover (0.4 ≤ M < 0.8)",1981,2017,37,0.383984734718683,1.64,0.00387145748987855,1984,1984,1984,35,1,0,1,1984,TRUE,2.7
"SARDPVIIIc-IXa","Sardine","European Union",0.33,"Medium-lived (0.2 ≤ M < 0.4)",1978,2020,43,0.978846703453136,1.67575757575758,0.1760665,1978,1978,1978,8,13,13,9,2011,TRUE,20.9
"SARDSA","Sardine","Southern Africa",0.85,"Fast turnover (M ≥ 0.8)",1985,2015,31,0.147286527514232,0.329411764705882,0.0705882352941176,NA,NA,NA,31,0,0,0,2009,FALSE,0
"SARDSAS","Sardine","Southern Africa",1,"Fast turnover (M ≥ 0.8)",1990,2019,30,0.0576666666666667,0.22,0.01,NA,NA,NA,30,0,0,0,2013,FALSE,0
"SARDSAW","Sardine","Southern Africa",1,"Fast turnover (M ≥ 0.8)",1990,2019,30,0.262666666666667,0.75,0.09,2016,NA,NA,29,1,0,0,2016,FALSE,0
"SARDWSE","Sardine","Australia",0.3,"Medium-lived (0.2 ≤ M < 0.4)",1992,2017,26,0.187422966666667,0.332956666666667,0.00386983333333333,NA,NA,NA,26,0,0,0,2005,FALSE,0
"SAURNWPAC","Pacific saury","Japan",1.25,"Fast turnover (M ≥ 0.8)",1980,2017,38,0.121374318,0.2112,0.075623632,NA,NA,NA,38,0,0,0,2009,FALSE,0
"SBARSHARATL","Sandbar shark","US Southeast and Gulf",0.224,"Medium-lived (0.2 ≤ M < 0.4)",1960,2015,56,0.184581473214286,0.575892857142857,0.000714285714285714,NA,NA,NA,56,0,0,0,1994,FALSE,0
"SBELLYROCKPCOAST","Shortbelly rockfish","US West Coast",0.26,"Medium-lived (0.2 ≤ M < 0.4)",1950,2005,56,0.0146291208791209,0.3,0,NA,NA,NA,56,0,0,0,1967,FALSE,0
"SBWHITACIR","Southern blue whiting","New Zealand",0.2,"Medium-lived (0.2 ≤ M < 0.4)",1977,2013,37,0.79654054054054,2.205,0,1979,1979,1988,22,8,2,5,1989,TRUE,13.5
"SBWHITARGS","Southern blue whiting","South America",0.15,"Long-lived (M < 0.2)",1987,2019,33,0.899373737373737,2.62666666666667,0.233333333333333,1987,2004,2008,14,13,3,3,2009,TRUE,9.1
"SBWHITCH","Southern blue whiting","South America",0.18,"Long-lived (M < 0.2)",1978,2020,43,0.754392764857881,1.88888888888889,0.0277777777777778,1996,2003,2004,18,8,5,12,2017,TRUE,27.9
"SCALL5ZMAB","Sea scallop","US East Coast",0.12,"Long-lived (M < 0.2)",1975,2019,45,4.44814814814815,12.25,1,1975,1975,1975,0,0,2,43,1992,TRUE,95.6
"SCALLGB","Sea scallop","Canada East Coast",0.0995,"Long-lived (M < 0.2)",1981,2013,33,3.46159197651956,10.8542713567839,1.50753768844221,1981,1981,1981,0,0,0,33,1981,TRUE,100
"SCMPBP","Scampi","New Zealand",0.25,"Medium-lived (0.2 ≤ M < 0.4)",1985,2021,37,0.355117230594595,0.64,0,NA,NA,NA,37,0,0,0,2011,FALSE,0
"SCMPMB","Scampi","New Zealand",0.25,"Medium-lived (0.2 ≤ M < 0.4)",1989,2017,29,0.144027586206897,0.3788,0,NA,NA,NA,29,0,0,0,2015,FALSE,0
"SCMPSCI6A","Scampi","New Zealand",0.25,"Medium-lived (0.2 ≤ M < 0.4)",1991,2019,29,1.03232186896552,1.9799832,0.00307128,1997,2000,2006,10,5,6,8,2018,TRUE,27.6
"SCMPWHB","Scampi","New Zealand",0.25,"Medium-lived (0.2 ≤ M < 0.4)",1985,2018,34,0.534754684705882,2.08,0,1991,1999,2002,27,4,2,1,2002,TRUE,2.9
"SCUPNWATLC","Scup","US East Coast",0.2,"Medium-lived (0.2 ≤ M < 0.4)",1984,2019,36,1.9125,5.6,0.27,1984,1984,1984,17,3,1,15,1994,TRUE,41.7
"SDOGBLKGSA29","Spiny dogfish","Mediterranean-Black Sea",0.15,"Long-lived (M < 0.2)",1989,2016,28,2.76398571428571,10.1595333333333,1.12,1989,1989,1989,0,0,1,27,2015,TRUE,96.4
"SFLOUNMATLC","Summer flounder","US East Coast",0.25,"Medium-lived (0.2 ≤ M < 0.4)",1982,2019,38,2.82136842105263,7,1.052,1982,1982,1982,0,0,6,32,1995,TRUE,84.2
"SILVERFISHSE","Silverfish","Australia",0.283333333333333,"Medium-lived (0.2 ≤ M < 0.4)",1978,2017,40,0.259164794117647,0.628235294117648,0,NA,NA,NA,40,0,0,0,2001,FALSE,0
"SMOOTHOREOBP","Smooth oreo","New Zealand",0.06,"Long-lived (M < 0.2)",1983,2008,26,0.938392307692308,3.75,0,1995,1995,1995,15,1,1,9,2005,TRUE,34.6
"SMOOTHOREOCR","Smooth oreo","New Zealand",0.06,"Long-lived (M < 0.2)",1955,2013,59,0.636131920903955,2.58333333333333,0,1988,1994,2000,33,8,7,11,2013,TRUE,18.6
"SMOOTHOREOEPR","Smooth oreo","New Zealand",0.06,"Long-lived (M < 0.2)",1973,2006,34,0.945451960784314,4.46666666666667,0,1996,1996,1997,23,0,1,10,2006,TRUE,29.4
"SMOOTHOREOSLD","Smooth oreo","New Zealand",0.06,"Long-lived (M < 0.2)",1973,2007,35,1.2621780952381,6.93333333333333,0,1984,1984,1986,16,4,4,11,2003,TRUE,31.4
"SMOOTHOREOWECR","Smooth oreo","New Zealand",0.06,"Long-lived (M < 0.2)",1965,2009,45,1.37396296296296,4.16666666666667,0,1974,1975,1978,13,5,9,18,1998,TRUE,40
"SMSHRMPMEDGSA17","Spottail mantis shrimp","Mediterranean-Black Sea",1,"Fast turnover (M ≥ 0.8)",2011,2011,1,0.93,0.93,0.93,2011,NA,NA,0,1,0,0,2011,FALSE,0
"SNAPSAUSNSG","Snapper","Australia",0.05,"Long-lived (M < 0.2)",1984,2009,26,1.78053846153846,2.22,0.922,1984,1984,1984,0,3,2,21,1992,TRUE,80.8
"SNAPSAUSSGSV","Snapper","Australia",0.05,"Long-lived (M < 0.2)",1984,2009,26,1.59230769230769,2.28,1.1,1984,1984,1984,0,0,8,18,1985,TRUE,69.2
"SNAPSAUSSSG","Snapper","Australia",0.05,"Long-lived (M < 0.2)",1984,2009,26,1.46430769230769,2.46,0.996,1984,1984,1984,0,1,7,18,2007,TRUE,69.2
"SNOWCRABBS","Snow crab","US Alaska",0.18,"Long-lived (M < 0.2)",1978,2020,43,5.12273901808786,18,0.833333333333333,1978,1978,1978,0,1,4,38,2020,TRUE,88.4
"SNOWCRABESJ","Snow crab","Japan",0.35,"Medium-lived (0.2 ≤ M < 0.4)",1998,2013,16,0.28973614308018,0.496056091148114,0.173631357304827,NA,NA,NA,16,0,0,0,1998,FALSE,0
"SNOWCRABNPAC","Snow crab","Japan",0.35,"Medium-lived (0.2 ≤ M < 0.4)",1998,2013,16,0.401333521294219,0.766483516483517,0.00166889185580774,2003,NA,NA,15,1,0,0,2003,FALSE,0
"SNOWCRABSGSL","Snow crab","Canada East Coast",0.38,"Medium-lived (0.2 ≤ M < 0.4)",1988,2014,26,0.889473684210526,2.28157894736842,0.297368421052632,1988,1988,1988,8,11,5,2,1988,TRUE,7.7
"SNOWCRABWSJ","Snow crab","Japan",0.35,"Medium-lived (0.2 ≤ M < 0.4)",1999,2013,15,0.55761884088965,0.835534213685474,0.401849948612537,2000,NA,NA,13,2,0,0,2001,FALSE,0
"SNOWGROUPSATLC","Snowy grouper","US Southeast and Gulf",0.15,"Long-lived (M < 0.2)",1974,2018,45,1.71457777777778,4.53333333333333,0.2,1981,1981,1981,11,6,3,25,1993,TRUE,55.6
"SNROCKPCOAST","Splitnose rockfish","US West Coast",0.048,"Long-lived (M < 0.2)",1905,2008,104,0.199138621794872,1.59583333333333,0.00625,1966,1966,1966,99,2,0,3,1998,TRUE,2.9
"SOLECS","Common sole","European Union",0.1,"Long-lived (M < 0.2)",1971,2020,50,3.902145636,6.6,1.86,1971,1971,1971,0,0,0,50,1997,TRUE,100
"SOLEIIIa-2224","Common sole","European Union",0.1,"Long-lived (M < 0.2)",1984,2020,37,3.62918918918919,5.47,1.13,1984,1984,1984,0,0,1,36,1993,TRUE,97.3
"SOLEIS","Common sole","European Union",0.1,"Long-lived (M < 0.2)",1970,2020,51,3.90527450980392,8.53,0.138,1970,1970,1970,3,1,1,46,1987,TRUE,90.2
"SOLENS","Common sole","European Union",0.1,"Long-lived (M < 0.2)",1957,2020,64,4.2253375,7,1.7,1957,1957,1957,0,0,0,64,1996,TRUE,100
"SOLEVIIIab","Common sole","European Union",0.1,"Long-lived (M < 0.2)",1984,2019,36,4.70285559944444,8.29,3.00884094,1984,1984,1984,0,0,0,36,2002,TRUE,100
"SOLEVIId","Common sole","European Union",0.1,"Long-lived (M < 0.2)",1982,2020,39,4.20012499948718,5.88,2.3,1982,1982,1982,0,0,0,39,1987,TRUE,100
"SOLEVIIe","Common sole","European Union",0.1,"Long-lived (M < 0.2)",1969,2020,52,2.53103846153846,4.09,1.3,1969,1969,1969,0,0,0,52,1989,TRUE,100
"SOLMEDGSA17","Common sole","Mediterranean-Black Sea",0.35,"Medium-lived (0.2 ≤ M < 0.4)",1970,2018,49,1.49265306122449,3.31428571428571,0.597142857142857,1974,1976,1979,6,12,5,26,2009,TRUE,53.1
"SOUTHHAKECH","Southern hake","South America",0.21,"Medium-lived (0.2 ≤ M < 0.4)",1977,2019,43,1.4427869324474,2.47619047619048,0.0476190476190476,1979,1981,1987,2,6,8,27,2013,TRUE,62.8
"SOUTHHAKECR","Southern hake","New Zealand",0.19,"Long-lived (M < 0.2)",1975,2009,35,0.124314887218045,0.502631578947368,0.00196842105263158,NA,NA,NA,35,0,0,0,2005,FALSE,0
"SOUTHHAKESA","Southern hake","New Zealand",0.2125,"Medium-lived (0.2 ≤ M < 0.4)",1974,2021,48,0.137986274509804,0.323764705882353,0,NA,NA,NA,48,0,0,0,2004,FALSE,0
"SOUTHHAKEWCSI","Southern hake","New Zealand",0.19,"Long-lived (M < 0.2)",1973,2022,50,0.834631578947368,2.22631578947368,0,1977,1977,1977,25,5,7,13,2015,TRUE,26
"SPANMACKSATLC","Spanish mackerel","US Southeast and Gulf",0.35,"Medium-lived (0.2 ≤ M < 0.4)",1950,2011,62,0.978797235023042,2.10571428571429,0.241714285714286,1958,1976,1976,25,2,13,22,1980,TRUE,35.5
"SPANMACKSETO","Japanese Spanish mackerel","Japan",0.3,"Medium-lived (0.2 ≤ M < 0.4)",1987,2013,27,3.2598131858608,7.36666666666667,1.07476635514019,1987,1987,1987,0,0,3,24,1995,TRUE,88.9
"SPHAKECH","South Pacific hake","South America",0.33,"Medium-lived (0.2 ≤ M < 0.4)",1940,2020,81,0.741004826038159,3.39393939393939,0.0606060606060606,1955,1959,1962,51,14,4,12,1968,TRUE,14.8
"SPRATNS","Sprat","European Union",0.75,"Moderate turnover (0.4 ≤ M < 0.8)",1974,2017,44,1.413,3.09333333333333,0.096,1974,1974,1974,7,7,5,25,1990,TRUE,56.8
"SPRBLKGSA29","Sprat","Mediterranean-Black Sea",0.95,"Fast turnover (M ≥ 0.8)",1991,2020,30,0.63280701754386,1.16105263157895,0.327368421052632,1991,2011,NA,22,6,2,0,2011,FALSE,0
"SPSDOGPCOAST","Spotted spiny dogfish","US West Coast",0.064,"Long-lived (M < 0.2)",1916,2010,95,0.134424342105263,1.1921875,0,1944,1944,NA,94,0,1,0,1944,FALSE,0
"SRAKEROCKBSAI","Shortraker rockfish","US Alaska",0.03,"Long-lived (M < 0.2)",1980,2017,38,0.380382483349504,0.966666666666667,0.0333333333333333,1980,NA,NA,35,3,0,0,1980,FALSE,0
"SSANDWSJ","Sailfin sandfish","Japan",0.5,"Moderate turnover (0.4 ≤ M < 0.8)",2004,2013,10,0.521918316422881,0.839366515837104,0.199426934097421,2007,NA,NA,9,1,0,0,2007,FALSE,0
"SSARDCH","Southern sardine","South America",0.965,"Fast turnover (M ≥ 0.8)",2002,2020,19,0.423234251431688,0.911917098445596,0.259067357512953,2009,NA,NA,18,1,0,0,2009,FALSE,0
"SSLOBSTERSASC","Southern spiny lobster","Southern Africa",0.1,"Long-lived (M < 0.2)",1973,2018,46,2.35214761183246,5.10891089108911,0.460377358490566,1973,1974,1974,2,2,0,42,1998,TRUE,91.3
"SSTHORNHPCOAST","Shortspine thornyhead","US West Coast",0.05,"Long-lived (M < 0.2)",1901,2018,118,2.70528305084746,11.8,0.0062,1943,1944,1945,53,5,3,57,1989,TRUE,48.3
"STFLOUNNPCOAST","Starry flounder","US West Coast",0.3,"Medium-lived (0.2 ≤ M < 0.4)",1970,2004,35,0.242220466259592,0.85313833028641,0.0089020771513353,1976,NA,NA,32,3,0,0,1977,FALSE,0
"STFLOUNSPCOAST","Starry flounder","US West Coast",0.3,"Medium-lived (0.2 ≤ M < 0.4)",1970,2004,35,0.279358095238095,1.05666666666667,0.0328666666666667,1976,1979,NA,30,3,2,0,1979,FALSE,0
"STMARLINNEPAC","Striped marlin","Pacific Ocean",0.5,"Moderate turnover (0.4 ≤ M < 0.8)",1975,2009,35,0.696986311382173,1.02611367127496,0.371223021582734,1975,1997,NA,19,15,1,0,1997,FALSE,0
"SURFMATLC","Atlantic surfclam","US East Coast",0.15,"Long-lived (M < 0.2)",1981,2011,31,0.163247311827957,0.210666666666667,0.117333333333333,NA,NA,NA,31,0,0,0,1984,FALSE,0
"SWHITSE","School whiting","Australia",0.55684,"Moderate turnover (0.4 ≤ M < 0.8)",1942,2019,78,0.923906763347755,2.73579484232455,0,1982,1983,1985,40,1,4,33,1998,TRUE,42.3
"TARAKNZ","Tarakihi","New Zealand",0.1,"Long-lived (M < 0.2)",1932,2007,76,0.307640526315789,0.915,0.00534,1995,NA,NA,70,6,0,0,1997,FALSE,0
"TIGERFLATSE","Tiger flathead","Australia",0.235,"Medium-lived (0.2 ≤ M < 0.4)",1913,2015,103,1.45811609171659,5.1063829787234,0,1930,1936,1944,29,11,11,52,2004,TRUE,50.5
"TILEGM","Tilefish","US Southeast and Gulf",0.13,"Long-lived (M < 0.2)",1965,2009,45,0.546598290598291,1.61538461538462,0,1987,1988,1988,26,10,6,3,1988,TRUE,6.7
"TILESATLC","Tilefish","US Southeast and Gulf",0.1,"Long-lived (M < 0.2)",1962,2018,57,1.52192105263158,4.2,7e-04,1981,1982,1982,23,2,1,31,1993,TRUE,54.4
"TREVALLYTRE7","Trevally","New Zealand",0.1,"Long-lived (M < 0.2)",1944,2005,62,0.486824838709677,1.11,0.00561,1978,1981,NA,43,17,2,0,1981,FALSE,0
"TURBLKGSA29","Turbot","Mediterranean-Black Sea",0.19,"Long-lived (M < 0.2)",1950,2016,67,3.17763488491752,7.36842105263158,0.773684210526316,1950,1950,1950,0,1,4,62,2014,TRUE,92.5
"VSNAPSATLC","Vermilion snapper","US Southeast and Gulf",0.22,"Medium-lived (0.2 ≤ M < 0.4)",1946,2016,71,1.11594494238156,6.95454545454546,0,1980,1980,1984,34,3,6,28,1991,TRUE,39.4
"WAREHOUESE","Blue warehou","Australia",0.45,"Moderate turnover (0.4 ≤ M < 0.8)",1984,2008,25,0.351730325561857,0.837777777777778,0,1999,NA,NA,24,1,0,0,1999,FALSE,0
"WAREHOUWSE","Blue warehou","Australia",0.45,"Moderate turnover (0.4 ≤ M < 0.8)",1984,2008,25,0.477911111111111,1.02222222222222,0,1994,1998,NA,21,3,1,0,1998,FALSE,0
"WEAKFISHATLC","Weakfish","US East Coast",0.25,"Medium-lived (0.2 ≤ M < 0.4)",1981,2008,28,1.30942857142857,2.348,0.628,1981,1981,1983,3,5,9,11,1989,TRUE,39.3
"WHAKE4T","White hake","Canada East Coast",1.077543301,"Fast turnover (M ≥ 0.8)",1978,2019,42,0.164944492874104,0.72108471119343,0.0213448498808866,NA,NA,NA,42,0,0,0,1992,FALSE,0
"WHAKEGBGOM","White hake","US East Coast",0.2,"Medium-lived (0.2 ≤ M < 0.4)",1963,2018,56,1.600625,5.35,0.33,1963,1963,1963,19,7,2,28,1993,TRUE,50
"WHITMEDGSA29","Whiting","Mediterranean-Black Sea",0.46,"Moderate turnover (0.4 ≤ M < 0.8)",1994,2021,28,2.33306273291925,5.65044130434783,0.941308695652174,1994,1994,1994,0,1,2,25,2014,TRUE,89.3
"WINDOWGOMGB","Windowpane flounder","US East Coast",0.2,"Medium-lived (0.2 ≤ M < 0.4)",1977,2007,31,8.93822580645161,37.95,0.57,1977,1977,1977,1,0,1,29,1991,TRUE,93.5
"WINDOWSNEMATL","Windowpane flounder","US East Coast",0.2,"Medium-lived (0.2 ≤ M < 0.4)",1977,2019,43,16.9976744186046,93,3.5,1977,1977,1977,0,0,0,43,1990,TRUE,100
"WINFLOUN4T","Winter flounder","Canada East Coast",0.951630765,"Fast turnover (M ≥ 0.8)",1973,2016,44,0.024143080660262,0.0625242501486383,0.000336945811120346,NA,NA,NA,44,0,0,0,1986,FALSE,0
"WINFLOUND5Y","Winter flounder","US East Coast",0.2,"Medium-lived (0.2 ≤ M < 0.4)",2009,2019,11,0.436727272727273,0.755,0.2495,2012,NA,NA,10,1,0,0,2012,FALSE,0
"WINFLOUNSNEMATL","Winter flounder","US East Coast",0.3,"Medium-lived (0.2 ≤ M < 0.4)",1981,2021,41,1.70333333341463,3.86666666666667,0.146666666666667,1981,1981,1981,13,1,2,25,1988,TRUE,61
"WITFLOUN5Y","Witch flounder","US East Coast",0.15,"Long-lived (M < 0.2)",1982,2018,37,3.56198198198198,7.6,0.133333333333333,1982,1982,1982,4,0,0,33,1996,TRUE,89.2
"WLFLOUNNPAC","Willowy flounder","Japan",0.25,"Medium-lived (0.2 ≤ M < 0.4)",1998,2013,16,1.00203533333819,1.48837209302326,0.421374045801528,1998,1998,1998,3,4,6,3,2000,TRUE,18.8
"WPOLLEBS","Walleye pollock","US Alaska",0.3,"Medium-lived (0.2 ≤ M < 0.4)",1964,2020,57,0.830260233918129,2.01956669333333,0.283333333333333,1970,1971,1972,31,9,10,7,2020,TRUE,12.3
"WPOLLGA","Walleye pollock","US Alaska",0.3,"Medium-lived (0.2 ≤ M < 0.4)",1970,2020,51,0.540120261633987,1.1907,0.131933333333333,1973,1974,NA,41,7,3,0,1977,FALSE,0
"WPOLLNSO","Walleye pollock","Other",1,"Fast turnover (M ≥ 0.8)",1963,2020,58,0.230410344827586,0.89,0.0134,1998,NA,NA,57,1,0,0,1998,FALSE,0
"WROCKPCOAST","Widow rockfish","US West Coast",0.12,"Long-lived (M < 0.2)",1916,2018,103,1.34771116504854,6.51666666666667,0.0250833333333333,1945,1966,1966,74,1,1,27,1982,TRUE,26.2
"YEGROUPGM","Yellowedge grouper","US Southeast and Gulf",0.07,"Long-lived (M < 0.2)",1975,2009,35,1.02204081632653,2.34285714285714,0.142857142857143,1981,1981,1981,7,12,6,10,1982,TRUE,28.6
"YELLSNEMATL","Yellowtail flounder","US East Coast",0.3,"Medium-lived (0.2 ≤ M < 0.4)",1973,2018,46,3.50115942028986,10.4,0.373333333333333,1973,1973,1973,3,1,1,41,1990,TRUE,89.1
"YEYEROCKPCOAST","Yelloweye rockfish","US West Coast",0.046,"Long-lived (M < 0.2)",1889,2016,128,5.69317595108696,20.3602173913043,0.00304347826086957,1918,1918,1918,33,2,1,92,1997,TRUE,71.9
"YNOSESKACSCH","Yellownose skate","South America",0.14,"Long-lived (M < 0.2)",1979,2014,36,0.938511904761905,3.67857142857143,0.0185,1993,1993,1993,24,1,0,11,1997,TRUE,30.6
"YNOSESKASCH","Yellownose skate","South America",0.14,"Long-lived (M < 0.2)",1979,2014,36,1.81339087301587,6.64285714285714,0,1997,1997,1999,20,1,1,14,2003,TRUE,38.9
"YSOLEBSAI","Yellowfin sole","US Alaska",0.12,"Long-lived (M < 0.2)",1954,2020,67,1.9630907971393,41.4801666666667,0.0561666666666667,1959,1959,1960,34,9,7,17,1962,TRUE,25.4
"YTROCKNPCOAST","Yellowtail rockfish","US West Coast",0.11,"Long-lived (M < 0.2)",1889,2016,128,1.49715482954545,6.86390909090909,9.09090909090909e-05,1943,1943,1944,58,6,11,53,1983,TRUE,41.4
"YTSNAPSATLCGM","Yellowtail snapper","US Southeast and Gulf",0.19,"Long-lived (M < 0.2)",1981,2010,30,0.415526315789474,0.810526315789474,0.22,1991,NA,NA,29,1,0,0,1991,FALSE,0
