"stockid","commonname","region","M","n_years","max_FMI","min_B_BMSY","ever_danger","ever_warning","ever_collapsed","ever_severe","life_history"
"ACADREDGOMGB","Acadian redfish","US East Coast",0.05,107,12.72,0.0603093600242625,TRUE,TRUE,TRUE,TRUE,"1_Long-lived (M<0.2)"
"ACMACKSARG","Argentine chub mackerel","South America",0.38,29,0.880263157894737,1.01702597010277,FALSE,FALSE,FALSE,FALSE,"2_Medium (0.2≤M<0.4)"
"ALBANATL","Albacore tuna","Atlantic Ocean",0.3,85,0.476666666666667,0.594991959568114,FALSE,FALSE,FALSE,FALSE,"2_Medium (0.2≤M<0.4)"
"ALBASATL","Albacore tuna","Atlantic Ocean",0.3,59,1.18333333333333,0.713,FALSE,TRUE,FALSE,FALSE,"2_Medium (0.2≤M<0.4)"
"ALBASPAC","Albacore tuna","Pacific Ocean",0.4,60,0.97875,2.39,FALSE,FALSE,FALSE,FALSE,"3_Moderate (0.4≤M<0.8)"
"ALPLAICBSAI","Alaska plaice","US Alaska",0.25,46,0.54296,1.08613483712322,FALSE,FALSE,FALSE,FALSE,"2_Medium (0.2≤M<0.4)"
"AMPL5YZ","American plaice","US East Coast",0.2,39,4.55,0.349320814206781,TRUE,TRUE,TRUE,FALSE,"2_Medium (0.2≤M<0.4)"
"ANCHMEDGSA16","Anchovy","Mediterranean-Black Sea",0.66,14,1.92079545454545,0.627,TRUE,TRUE,FALSE,FALSE,"3_Moderate (0.4≤M<0.8)"
"ANCHOBAYB","Anchovy","European Union",1.2,32,0.565833333333333,0.16049818269663,FALSE,FALSE,TRUE,TRUE,"4_Fast turnover (M≥0.8)"
"ARFLOUNDGA","Arrowtooth flounder","US Alaska",0.2,60,0.178075,0.610141234397271,FALSE,FALSE,FALSE,FALSE,"2_Medium (0.2≤M<0.4)"
"ARFLOUNDPCOAST","Arrowtooth flounder","US West Coast",0.166,104,3.5533734939759,1.80487804878049,TRUE,TRUE,FALSE,FALSE,"1_Long-lived (M<0.2)"
"ARGANCHONARG","Argentine anchoita","South America",1.01,30,0.0733663366336634,0.664593381252348,FALSE,FALSE,FALSE,FALSE,"4_Fast turnover (M≥0.8)"
"ARGANCHOSARG","Argentine anchoita","South America",0.98,30,0.0142857142857143,1.20585010608197,FALSE,FALSE,FALSE,FALSE,"4_Fast turnover (M≥0.8)"
"ARGHAKENARG","Argentine hake","South America",0.3,33,5.46,0.117102797331666,TRUE,TRUE,TRUE,TRUE,"2_Medium (0.2≤M<0.4)"
"ARGHAKESARG","Argentine hake","South America",0.3,29,3.4,0.333089060964121,TRUE,TRUE,TRUE,FALSE,"2_Medium (0.2≤M<0.4)"
"ATHAL5YZ","Atlantic halibut","US East Coast",0.15,204,4.46,0.00871428571428571,TRUE,TRUE,TRUE,TRUE,"1_Long-lived (M<0.2)"
"ATKABSAI","Atka mackerel","US Alaska",0.3,43,1.5,1.17647058823529,TRUE,TRUE,FALSE,FALSE,"2_Medium (0.2≤M<0.4)"
"ATLCROAKMATLC","Atlantic croaker","US East Coast",0.3,36,2.25,0.404396515968478,TRUE,TRUE,TRUE,FALSE,"2_Medium (0.2≤M<0.4)"
"ATOOTHFISHRS","Antarctic toothfish","Other",0.13,10,0.336923076923077,4.03145161978301,FALSE,FALSE,FALSE,FALSE,"1_Long-lived (M<0.2)"
"AUSSALMONNZ","Australian salmon","New Zealand",0.19,72,1.16052631578947,1.23868778280543,FALSE,TRUE,FALSE,FALSE,"1_Long-lived (M<0.2)"
"BGRDRNSWWA","Blue grenadier","Australia",0.162782,43,3.3996326375152,1.41940013768987,TRUE,TRUE,FALSE,FALSE,"1_Long-lived (M<0.2)"
"BGROCKPCOAST","Blackgill rockfish","US West Coast",0.07,69,12.4285714285714,0.483343605546996,TRUE,TRUE,TRUE,FALSE,"1_Long-lived (M<0.2)"
"BIGHTREDSE","Bight redfish","Australia",0.1029985,27,0.811662305761734,1.82264649520008,FALSE,FALSE,FALSE,FALSE,"1_Long-lived (M<0.2)"
"BKCDLFENI","Black cardinalfish","New Zealand",0.04,27,21.075,0.251368562171824,TRUE,TRUE,TRUE,FALSE,"1_Long-lived (M<0.2)"
"BLACKGROUPERGMSATL","Black grouper","US Southeast and Gulf",0.136,23,2.15441176470588,0.577223147020598,TRUE,TRUE,FALSE,FALSE,"1_Long-lived (M<0.2)"
"BLACKOREOPR","Black oreo","New Zealand",0.04,27,7.525,0.814622868403494,TRUE,TRUE,FALSE,FALSE,"1_Long-lived (M<0.2)"
"BLACKOREOWECR","Black oreo","New Zealand",0.044,35,2.93181818181818,1.61535522681051,TRUE,TRUE,FALSE,FALSE,"1_Long-lived (M<0.2)"
"BLACKROCKSPCOAST","Black rockfish","US West Coast",0.16,87,0.5875,1.11449536203793,FALSE,FALSE,FALSE,FALSE,"1_Long-lived (M<0.2)"
"BLSHARNPAC","Blue shark","Pacific Ocean",0.1354,44,6.35155096011817,1.08,TRUE,TRUE,FALSE,FALSE,"1_Long-lived (M<0.2)"
"BLUEFISHATLC","Bluefish","US East Coast",0.2,38,2.64,0.417066769491019,TRUE,TRUE,TRUE,FALSE,"2_Medium (0.2≤M<0.4)"
"BLUEROCKCAL","Blue rockfish","US West Coast",0.12,87,1.6,0.246690734055355,TRUE,TRUE,TRUE,FALSE,"1_Long-lived (M<0.2)"
"BMARLINPAC","Blue marlin","Pacific Ocean",0.42,49,0.752380952380952,1.056364,FALSE,FALSE,FALSE,FALSE,"3_Moderate (0.4≤M<0.8)"
"BNSNZ","Bluenose","New Zealand",0.08,76,2.875,0.408073034916234,TRUE,TRUE,TRUE,FALSE,"1_Long-lived (M<0.2)"
"BSBASSMATLC","Black sea bass","US East Coast",0.4,52,2.7,0.215602836879433,TRUE,TRUE,TRUE,FALSE,"3_Moderate (0.4≤M<0.8)"
"BSBASSSATL","Black sea bass","US Southeast and Gulf",0.38,39,2.62631578947368,0.50369318691036,TRUE,TRUE,FALSE,FALSE,"2_Medium (0.2≤M<0.4)"
"BSQLOBSTERCSCH","Yellow squat lobster","South America",0.3,37,2.73,0.665499124343257,TRUE,TRUE,FALSE,FALSE,"2_Medium (0.2≤M<0.4)"
"BSQLOBSTERNCH","Yellow squat lobster","South America",0.3,31,2.73,0.341600374356575,TRUE,TRUE,TRUE,FALSE,"2_Medium (0.2≤M<0.4)"
"BTSHRIMPNAUST","Brown tiger shrimp","Australia",2.34,37,0.263675213675214,0.535559316887999,FALSE,FALSE,FALSE,FALSE,"4_Fast turnover (M≥0.8)"
"CABEZORECOAST","Cabezon","US West Coast",0.25,48,2.982,1.07462686567164,TRUE,TRUE,FALSE,FALSE,"2_Medium (0.2≤M<0.4)"
"CALSCORPSCAL","California scorpionfish","US West Coast",0.25,101,1.96554,0.851849753844951,TRUE,TRUE,FALSE,FALSE,"2_Medium (0.2≤M<0.4)"
"CHILISPCOAST","Chilipepper","US West Coast",0.16,125,4.21875,0.525735294117647,TRUE,TRUE,FALSE,FALSE,"1_Long-lived (M<0.2)"
"CHTRACCH","Chilean jack mackerel","South America",0.23,53,3.67391304347826,0.318395277069636,TRUE,TRUE,TRUE,FALSE,"2_Medium (0.2≤M<0.4)"
"CMACKPCOAST","Pacific chub mackerel","US West Coast",0.5,80,1.438,0.0874490221237853,TRUE,TRUE,TRUE,TRUE,"3_Moderate (0.4≤M<0.8)"
"CMACKPJPN","Chub mackerel","Japan",0.4,40,2.675,0.0554958113439607,TRUE,TRUE,TRUE,TRUE,"3_Moderate (0.4≤M<0.8)"
"COD3Pn4RS","Atlantic cod","Canada East Coast",1.1,41,1.78181818181818,0.0369363106382979,TRUE,TRUE,TRUE,TRUE,"4_Fast turnover (M≥0.8)"
"COD4X5Yb","Atlantic cod","Canada East Coast",1.285,35,0.609338521400778,0.1299375,FALSE,FALSE,TRUE,TRUE,"4_Fast turnover (M≥0.8)"
"COWCODSCAL","Cowcod","US West Coast",0.06,118,15.65,0.237903225806452,TRUE,TRUE,TRUE,FALSE,"1_Long-lived (M<0.2)"
"CROCKPCOAST","Canary rockfish","US West Coast",0.06,129,14.4833333333333,0.406040268456376,TRUE,TRUE,TRUE,FALSE,"1_Long-lived (M<0.2)"
"CSARDCSCH","Chilean sardine","South America",1,30,0.7545,0.4145,FALSE,FALSE,TRUE,FALSE,"4_Fast turnover (M≥0.8)"
"DEEPFLATHEADSE","Deepwater flathead","Australia",0.195742,28,1.01664435839013,1.40006011206427,FALSE,TRUE,FALSE,FALSE,"1_Long-lived (M<0.2)"
"DKROCKPCOAST","Darkblotched rockfish","US West Coast",0.07,105,12.7214285714286,0.423943661971831,TRUE,TRUE,TRUE,FALSE,"1_Long-lived (M<0.2)"
"DOYSFS","Dredge oyster","New Zealand",0.1,88,0.6,0.57,FALSE,FALSE,FALSE,FALSE,"1_Long-lived (M<0.2)"
"DSOLEGA","Dover sole","US Alaska",0.085,41,1.065,2.32183329136238,FALSE,TRUE,FALSE,FALSE,"1_Long-lived (M<0.2)"
"DSOLEPCOAST","Dover sole","US West Coast",0.101,108,4.0049504950495,2.48185941043084,TRUE,TRUE,FALSE,FALSE,"1_Long-lived (M<0.2)"
"DUSROCKGA","Dusky rockfish","US Alaska",0.07,43,1.669,0.555439573184876,TRUE,TRUE,FALSE,FALSE,"1_Long-lived (M<0.2)"
"FLSOLEBSAI","Flathead sole","US Alaska",0.2,57,0.375,1.14866760168303,FALSE,FALSE,FALSE,FALSE,"2_Medium (0.2≤M<0.4)"
"FLSOLEGA","Flathead sole","US Alaska",0.2,39,0.1555,1.54795119058765,FALSE,FALSE,FALSE,FALSE,"2_Medium (0.2≤M<0.4)"
"FMEG8c9a","Fourspotted megrim","European Union",0.2,35,3.1275,0.696086956521739,TRUE,TRUE,FALSE,FALSE,"2_Medium (0.2≤M<0.4)"
"GAGGM","Gag","US Southeast and Gulf",0.134,50,3.93283582089552,0.121892796397015,TRUE,TRUE,TRUE,TRUE,"1_Long-lived (M<0.2)"
"GAGSATLC","Gag","US Southeast and Gulf",0.14,58,5.64285714285714,0.150641025641026,TRUE,TRUE,TRUE,TRUE,"1_Long-lived (M<0.2)"
"GEMFISHNZ","Common gemfish","New Zealand",0.24,55,0.7875,1.57127918203666,FALSE,FALSE,FALSE,FALSE,"2_Medium (0.2≤M<0.4)"
"GHALBSAI","Greenland halibut","US Alaska",0.11,61,3.81818181818182,0.829652996845426,TRUE,TRUE,FALSE,FALSE,"1_Long-lived (M<0.2)"
"GRAMBERSATLC","Greater amberjack","US Southeast and Gulf",0.25,69,2.76,1.06701030927835,TRUE,TRUE,FALSE,FALSE,"2_Medium (0.2≤M<0.4)"
"GSTRGZRSTA7","Giant stargazer","New Zealand",0.18,44,4.48888888888889,1.23,TRUE,TRUE,FALSE,FALSE,"1_Long-lived (M<0.2)"
"GTPRAWNNAUST","Grooved tiger prawn","Australia",2.34,37,0.401282051282051,0.587841215175153,FALSE,FALSE,FALSE,FALSE,"4_Fast turnover (M≥0.8)"
"GTRIGGM","Gray triggerfish","US Southeast and Gulf",0.27,69,2.07962962962963,0.46740054661403,TRUE,TRUE,TRUE,FALSE,"2_Medium (0.2≤M<0.4)"
"HAKESPPSAF","Hake spp","Southern Africa",1,56,0.50681,0.200691557397674,FALSE,FALSE,TRUE,FALSE,"4_Fast turnover (M≥0.8)"
"HERR30","Herring","European Union",0.2,38,0.78,0.65,FALSE,FALSE,FALSE,FALSE,"2_Medium (0.2≤M<0.4)"
"HERR4RFA","Herring","Canada East Coast",0.2,30,0.995,0.470935488096408,FALSE,FALSE,TRUE,FALSE,"2_Medium (0.2≤M<0.4)"
"HERR4RSP","Herring","Canada East Coast",0.2,39,2.89,0.384683297777894,TRUE,TRUE,TRUE,FALSE,"2_Medium (0.2≤M<0.4)"
"HERR4TFA","Herring","Canada East Coast",0.2,36,4.53,0.266894453488372,TRUE,TRUE,TRUE,FALSE,"2_Medium (0.2≤M<0.4)"
"HERR4TSP","Herring","Canada East Coast",0.2,36,8.825,0.118587264814815,TRUE,TRUE,TRUE,TRUE,"2_Medium (0.2≤M<0.4)"
"HERRIsum","Herring","Europe non EU",0.1,32,4.36,1.28043,TRUE,TRUE,FALSE,FALSE,"1_Long-lived (M<0.2)"
"HERRRIGA","Herring","European Union",0.2,44,3.535,0.665108333333334,TRUE,TRUE,FALSE,FALSE,"2_Medium (0.2≤M<0.4)"
"HOKIENZ","Hoki","New Zealand",0.29,41,0.955172413793104,0.694385232706674,FALSE,FALSE,FALSE,FALSE,"2_Medium (0.2≤M<0.4)"
"HOKIWNZ","Hoki","New Zealand",0.29,41,1.24137931034483,0.405127980975896,FALSE,TRUE,TRUE,FALSE,"2_Medium (0.2≤M<0.4)"
"JMACKPJPN","Japanese jack mackerel","Japan",0.5,28,3.2,0.182677644952786,TRUE,TRUE,TRUE,TRUE,"3_Moderate (0.4≤M<0.8)"
"JMACKTSST","Japanese jack mackerel","Japan",0.5,38,3.2,0.276585575923882,TRUE,TRUE,TRUE,FALSE,"3_Moderate (0.4≤M<0.8)"
"KMACKGM","King mackerel","US Southeast and Gulf",0.16,83,6.15625,0.809175715371157,TRUE,TRUE,FALSE,FALSE,"1_Long-lived (M<0.2)"
"LINGCODNPCOAST","Lingcod","US West Coast",0.18,132,5.01011111111111,0.486935239475591,TRUE,TRUE,TRUE,FALSE,"1_Long-lived (M<0.2)"
"LINGCODSPCOAST","Lingcod","US West Coast",0.18,132,4.92138888888889,0.266393442622951,TRUE,TRUE,TRUE,FALSE,"1_Long-lived (M<0.2)"
"LNOSESKAPCOAST","Longnose skate","US West Coast",0.2,103,2.395,1.75932977913176,TRUE,TRUE,FALSE,FALSE,"2_Medium (0.2≤M<0.4)"
"LOBSTERGOM","American lobster","US East Coast",0.15,25,8.33333333333333,0.228,TRUE,TRUE,TRUE,FALSE,"1_Long-lived (M<0.2)"
"LOBSTERSNE","American lobster","US East Coast",0.2175,23,6.85057471264368,0.5625,TRUE,TRUE,FALSE,FALSE,"2_Medium (0.2≤M<0.4)"
"LSTHORNHPCOAST","Longspine thornyhead","US West Coast",0.11,55,5.69090909090909,1.33412415974694,TRUE,TRUE,FALSE,FALSE,"1_Long-lived (M<0.2)"
"MEG8c9a","Megrim","European Union",0.2,35,2.505,0.648469387755102,TRUE,TRUE,FALSE,FALSE,"2_Medium (0.2≤M<0.4)"
"MENATGM","Gulf menhaden","US Southeast and Gulf",2.11,41,2.58056872037915,0.568627450980392,TRUE,TRUE,FALSE,FALSE,"4_Fast turnover (M≥0.8)"
"MENATLAN","Atlantic menhaden","US East Coast",1.25,67,3.0188292,0.331616834170855,TRUE,TRUE,TRUE,FALSE,"4_Fast turnover (M≥0.8)"
"MONKGOMNGB","Monkfish","US East Coast",0.3,32,3.9,0.829101011416417,TRUE,TRUE,FALSE,FALSE,"2_Medium (0.2≤M<0.4)"
"MONKSGBMATL","Monkfish","US East Coast",0.3,32,1.03333333333333,1.43720261766224,FALSE,TRUE,FALSE,FALSE,"2_Medium (0.2≤M<0.4)"
"MORWONGESE","Jackass morwong","Australia",0.15,106,13.3434,0.50404528524912,TRUE,TRUE,FALSE,FALSE,"1_Long-lived (M<0.2)"
"MORWONGWSE","Jackass morwong","Australia",0.15,32,0.82491,1.69498987114926,FALSE,FALSE,FALSE,FALSE,"1_Long-lived (M<0.2)"
"MUTSNAPSATLCGM","Mutton snapper","US Southeast and Gulf",0.11,26,3.52727272727273,0.593865282389324,TRUE,TRUE,FALSE,FALSE,"1_Long-lived (M<0.2)"
"NROCKBSAI","Northern rockfish","US Alaska",0.0427,44,1.03817330210773,0.770022208342009,FALSE,TRUE,FALSE,FALSE,"1_Long-lived (M<0.2)"
"NROCKGA","Northern rockfish","US Alaska",0.06,59,4.90083333333333,0.624113475177305,TRUE,TRUE,FALSE,FALSE,"1_Long-lived (M<0.2)"
"NRSOLEEBSAI","Northern rock sole","US Alaska",0.18,46,6.16666666666667,0.25531914893617,TRUE,TRUE,TRUE,FALSE,"1_Long-lived (M<0.2)"
"NSHRIMPCSCH","Nylon shrimp","South America",0.36,72,2.275,0.223173546747766,TRUE,TRUE,TRUE,FALSE,"2_Medium (0.2≤M<0.4)"
"NSHRIMPNCH","Nylon shrimp","South America",0.36,53,2.275,0.614726276541028,TRUE,TRUE,FALSE,FALSE,"2_Medium (0.2≤M<0.4)"
"NZLINGLIN3-4","Ling","New Zealand",0.168,40,0.767857142857143,1.16794277433404,FALSE,FALSE,FALSE,FALSE,"1_Long-lived (M<0.2)"
"NZLINGLIN5-6","Ling","New Zealand",0.228,40,0.250438596491228,1.79415097225641,FALSE,FALSE,FALSE,FALSE,"2_Medium (0.2≤M<0.4)"
"NZLINGLIN6b","Ling","New Zealand",0.18,22,0.509444444444444,2.10067398100697,FALSE,FALSE,FALSE,FALSE,"1_Long-lived (M<0.2)"
"NZLINGLIN72","Ling","New Zealand",0.191885,35,0.49091904005003,2.0976336489346,FALSE,FALSE,FALSE,FALSE,"1_Long-lived (M<0.2)"
"NZLINGLIN7WC","Ling","New Zealand",0.2,36,0.2025,1.51321027868259,FALSE,FALSE,FALSE,FALSE,"2_Medium (0.2≤M<0.4)"
"NZSNAPNZ8","New Zealand snapper","New Zealand",0.0507649,75,7.26880186900792,0.321633373406217,TRUE,TRUE,TRUE,FALSE,"1_Long-lived (M<0.2)"
"OFLOUNECS","Japanese flounder","Japan",0.259,25,3.08880308880309,0.293669180405007,TRUE,TRUE,TRUE,FALSE,"2_Medium (0.2≤M<0.4)"
"OROUGHYCH","Orange roughy","South America",0.045,10,4.06666666666667,1.72955974842767,TRUE,TRUE,FALSE,FALSE,"1_Long-lived (M<0.2)"
"OROUGHYCR","Orange roughy","New Zealand",0.05,27,2.32,1.94,TRUE,TRUE,FALSE,FALSE,"1_Long-lived (M<0.2)"
"OROUGHYNZMEC","Orange roughy","New Zealand",0.045,30,51.1111111111111,0.25,TRUE,TRUE,TRUE,FALSE,"1_Long-lived (M<0.2)"
"OROUGHYSE","Orange roughy","Australia",0.04,29,7,0.4401062786585,TRUE,TRUE,TRUE,FALSE,"1_Long-lived (M<0.2)"
"PANCHCCH","Peruvian anchoveta","South America",1.3,36,1.42846153846154,0.483,TRUE,TRUE,TRUE,FALSE,"4_Fast turnover (M≥0.8)"
"PANCHCSCH","Peruvian anchoveta","South America",0.7,31,4.54571428571429,0.147,TRUE,TRUE,TRUE,TRUE,"3_Moderate (0.4≤M<0.8)"
"PANCHNCHSP","Peruvian anchoveta","South America",1.6,36,2.813875,0.148936170212766,TRUE,TRUE,TRUE,TRUE,"4_Fast turnover (M≥0.8)"
"PATGRENADIERSARG","Patagonian grenadier","South America",0.35,34,2.03142857142857,0.702341356745644,TRUE,TRUE,FALSE,FALSE,"2_Medium (0.2≤M<0.4)"
"PAUANPAU5A","Paua","New Zealand",0.165,46,2.03636363636364,1.07610665540325,TRUE,TRUE,FALSE,FALSE,"1_Long-lived (M<0.2)"
"PAUAPAU7","Paua","New Zealand",0.125,47,6.408,0.369219707227945,TRUE,TRUE,TRUE,FALSE,"1_Long-lived (M<0.2)"
"PAUASPAU5A","Paua","New Zealand",0.115,45,2.73913043478261,0.837699534277322,TRUE,TRUE,FALSE,FALSE,"1_Long-lived (M<0.2)"
"PCEELARGS","Pink cusk eel","South America",0.2,34,1.595,0.377178022612635,TRUE,TRUE,TRUE,FALSE,"2_Medium (0.2≤M<0.4)"
"PCEELCSCH","Pink cusk eel","South America",0.27,43,4.07407407407407,0.513296849973305,TRUE,TRUE,FALSE,FALSE,"2_Medium (0.2≤M<0.4)"
"PCEELSCH","Pink cusk eel","South America",0.23,43,6.82608695652174,0.321369863013699,TRUE,TRUE,TRUE,FALSE,"2_Medium (0.2≤M<0.4)"
"PCODGA","Pacific cod","US Alaska",0.38,43,1.35,0.529615133724722,TRUE,TRUE,FALSE,FALSE,"2_Medium (0.2≤M<0.4)"
"PCODHS","Pacific cod","Canada West Coast",0.48,58,1.01458333333333,0.411257659154637,FALSE,TRUE,TRUE,FALSE,"3_Moderate (0.4≤M<0.8)"
"PCODWCVANI","Pacific cod","Canada West Coast",0.579,46,1.25906735751295,0.271876392809389,TRUE,TRUE,TRUE,FALSE,"3_Moderate (0.4≤M<0.8)"
"PERCHEBSAI","Pacific ocean perch","US Alaska",0.062,60,13.0991129032258,0.518234329440201,TRUE,TRUE,FALSE,FALSE,"1_Long-lived (M<0.2)"
"PHAKEPCOAST","Pacific hake","US West Coast",0.223,55,2.60986547085202,0.823610483822153,TRUE,TRUE,FALSE,FALSE,"2_Medium (0.2≤M<0.4)"
"PILCHPJPN","Japanese sardine","Japan",0.4,34,3.75,0.0672420282556035,TRUE,TRUE,TRUE,TRUE,"3_Moderate (0.4≤M<0.8)"
"PLAIC7d","European plaice","European Union",0.1,41,5.56,0.291049558119724,TRUE,TRUE,TRUE,FALSE,"1_Long-lived (M<0.2)"
"PLAICCELT","European plaice","European Union",0.12,21,11,0.271,TRUE,TRUE,TRUE,FALSE,"1_Long-lived (M<0.2)"
"PLAICIS","European plaice","European Union",0.12,40,6.22916666666667,0.712665406427221,TRUE,TRUE,FALSE,FALSE,"1_Long-lived (M<0.2)"
"PLAICNS","European plaice","European Union",0.1,59,7.71,0.791304347826087,TRUE,TRUE,FALSE,FALSE,"1_Long-lived (M<0.2)"
"POPERCHGA","Pacific ocean perch","US Alaska",0.06,60,11.7261665583333,0.280323450134771,TRUE,TRUE,TRUE,FALSE,"1_Long-lived (M<0.2)"
"POPERCHPCOAST","Pacific ocean perch","US West Coast",0.05,99,11.2942,0.37117202268431,TRUE,TRUE,TRUE,FALSE,"1_Long-lived (M<0.2)"
"PTOOTHFISHCH","Patagonian toothfish","South America",0.15,36,2.11333333333333,0.517195,TRUE,TRUE,FALSE,FALSE,"1_Long-lived (M<0.2)"
"PTOOTHFISHMI","Patagonian toothfish","Australia",0.13,15,0.892307692307692,3.14962531303831,FALSE,FALSE,FALSE,FALSE,"1_Long-lived (M<0.2)"
"PTOOTHFISHPEI","Patagonian toothfish","Southern Africa",0.13,19,4.02307692307692,2.125,TRUE,TRUE,FALSE,FALSE,"1_Long-lived (M<0.2)"
"QUAHATLC","Ocean quahog","US East Coast",0.02,39,0.3,1.60113926156581,FALSE,FALSE,FALSE,FALSE,"1_Long-lived (M<0.2)"
"REDFEAUS","Redfish","Australia",0.1,42,2.8,0.142726366279676,TRUE,TRUE,TRUE,TRUE,"1_Long-lived (M<0.2)"
"REXSOLEGA","Rex sole","US Alaska",0.17,36,0.613823529411765,1.56358061921995,FALSE,FALSE,FALSE,FALSE,"1_Long-lived (M<0.2)"
"REYEROCKBSAI","Rougheye rockfish","US Alaska",0.03,38,22.6666666666667,0.300691590658515,TRUE,TRUE,TRUE,FALSE,"1_Long-lived (M<0.2)"
"REYEROCKGA","Rougheye rockfish","US Alaska",0.034,33,2.35882352941176,1.34649910233393,TRUE,TRUE,FALSE,FALSE,"1_Long-lived (M<0.2)"
"RGROUPGM","Red grouper","US Southeast and Gulf",0.14,32,3.07142857142857,0.820855614973262,TRUE,TRUE,FALSE,FALSE,"1_Long-lived (M<0.2)"
"RGROUPSATL","Red grouper","US Southeast and Gulf",0.14,40,6.82142857142857,0.164737654320988,TRUE,TRUE,TRUE,TRUE,"1_Long-lived (M<0.2)"
"RPORGYSATLC","Red porgy","US Southeast and Gulf",0.23,46,3.58695652173913,0.228490832157969,TRUE,TRUE,TRUE,FALSE,"2_Medium (0.2≤M<0.4)"
"RSNAPGM","Red snapper","US Southeast and Gulf",0.09,140,1.77777777777778,0.077479674796748,TRUE,TRUE,TRUE,TRUE,"1_Long-lived (M<0.2)"
"RSNAPSATLC","Red snapper","US Southeast and Gulf",0.08,70,14.350000025,0.0599675178731967,TRUE,TRUE,TRUE,TRUE,"1_Long-lived (M<0.2)"
"RSOLEHSTR","Rock sole","Canada West Coast",0.2257,57,3.96987151085512,1.6917370698537,TRUE,TRUE,FALSE,FALSE,"2_Medium (0.2≤M<0.4)"
"RSQLOBSTERCSCH","Red squat lobster","South America",0.35,38,9.62857142857143,0.162113748320645,TRUE,TRUE,TRUE,TRUE,"2_Medium (0.2≤M<0.4)"
"RSQLOBSTERNCH","Red squat lobster","South America",0.35,18,3.11428571428571,0.954454119223041,TRUE,TRUE,FALSE,FALSE,"2_Medium (0.2≤M<0.4)"
"SAABALONESA","South African abalone","Southern Africa",0.15,64,2.69,0.438876889848812,TRUE,TRUE,TRUE,FALSE,"1_Long-lived (M<0.2)"
"SABLEFEBSAIGA","Sablefish","US Alaska",0.1,60,1.59,0.761363617882147,TRUE,TRUE,FALSE,FALSE,"1_Long-lived (M<0.2)"
"SABLEFPCOAST","Sablefish","US West Coast",0.08,130,8.75,0.900169204737733,TRUE,TRUE,FALSE,FALSE,"1_Long-lived (M<0.2)"
"SARDPVIIIc-IXa","Sardine","European Union",0.33,39,1.76494441515152,0.366449511400651,TRUE,TRUE,TRUE,FALSE,"2_Medium (0.2≤M<0.4)"
"SARDWSE","Sardine","Australia",0.3,26,0.332956666666667,1.46013760583178,FALSE,FALSE,FALSE,FALSE,"2_Medium (0.2≤M<0.4)"
"SAURNWPAC","Pacific saury","Japan",1.25,7,0.2112,1.9891133553354,FALSE,FALSE,FALSE,FALSE,"4_Fast turnover (M≥0.8)"
"SBARSHARATL","Sandbar shark","US Southeast and Gulf",0.224,56,1.69776785714286,0.581185454797076,TRUE,TRUE,FALSE,FALSE,"2_Medium (0.2≤M<0.4)"
"SBWHITACIR","Southern blue whiting","New Zealand",0.2,33,2.205,0.276304648157226,TRUE,TRUE,TRUE,FALSE,"2_Medium (0.2≤M<0.4)"
"SBWHITARGS","Southern blue whiting","South America",0.15,33,3.67666666666667,0.045640791766981,TRUE,TRUE,TRUE,TRUE,"1_Long-lived (M<0.2)"
"SBWHITCH","Southern blue whiting","South America",0.18,43,1.88888888888889,0.39,TRUE,TRUE,TRUE,FALSE,"1_Long-lived (M<0.2)"
"SCALL5ZMAB","Sea scallop","US East Coast",0.12,45,10.6666666666667,0.152363184079602,TRUE,TRUE,TRUE,TRUE,"1_Long-lived (M<0.2)"
"SCMPBP","Scampi","New Zealand",0.25,27,0.682,1.46061248784213,FALSE,FALSE,FALSE,FALSE,"2_Medium (0.2≤M<0.4)"
"SCMPMB","Scampi","New Zealand",0.25,23,0.2,1.46438474559515,FALSE,FALSE,FALSE,FALSE,"2_Medium (0.2≤M<0.4)"
"SCMPWHB","Scampi","New Zealand",0.25,27,1.78,0.891771019677996,TRUE,TRUE,FALSE,FALSE,"2_Medium (0.2≤M<0.4)"
"SCUPNWATLC","Scup","US East Coast",0.2,36,7.65,0.0414652585278688,TRUE,TRUE,TRUE,TRUE,"2_Medium (0.2≤M<0.4)"
"SFLOUNMATLC","Summer flounder","US East Coast",0.25,38,7,0.0884700451966535,TRUE,TRUE,TRUE,TRUE,"2_Medium (0.2≤M<0.4)"
"SILVERFISHSE","Silverfish","Australia",0.3,38,0.721791666666667,0.76106316398283,FALSE,FALSE,FALSE,FALSE,"2_Medium (0.2≤M<0.4)"
"SMOOTHOREOBP","Smooth oreo","New Zealand",0.06,19,3.75,0.828610064159738,TRUE,TRUE,FALSE,FALSE,"1_Long-lived (M<0.2)"
"SMOOTHOREOCR","Smooth oreo","New Zealand",0.06,32,1.58833333333333,1.00806379969166,TRUE,TRUE,FALSE,FALSE,"1_Long-lived (M<0.2)"
"SMOOTHOREOEPR","Smooth oreo","New Zealand",0.06,20,4.46666666666667,0.888,TRUE,TRUE,FALSE,FALSE,"1_Long-lived (M<0.2)"
"SMOOTHOREOSLD","Smooth oreo","New Zealand",0.06,30,6.93333333333333,0.765,TRUE,TRUE,FALSE,FALSE,"1_Long-lived (M<0.2)"
"SMOOTHOREOWECR","Smooth oreo","New Zealand",0.06,37,4.16666666666667,0.629440388713746,TRUE,TRUE,FALSE,FALSE,"1_Long-lived (M<0.2)"
"SNOWCRABBS","Snow crab","US Alaska",0.18,43,20.9722222222222,0.174509803921569,TRUE,TRUE,TRUE,TRUE,"1_Long-lived (M<0.2)"
"SNOWGROUPSATLC","Snowy grouper","US Southeast and Gulf",0.15,45,3.93666666666667,0.167373609996561,TRUE,TRUE,TRUE,TRUE,"1_Long-lived (M<0.2)"
"SOLECS","Common sole","European Union",0.1,50,6.62,0.748177212260879,TRUE,TRUE,FALSE,FALSE,"1_Long-lived (M<0.2)"
"SOLEIIIa-2224","Common sole","European Union",0.1,36,5.47,0.33,TRUE,TRUE,TRUE,FALSE,"1_Long-lived (M<0.2)"
"SOLENS","Common sole","European Union",0.1,64,6.7205,0.498571428571428,TRUE,TRUE,TRUE,FALSE,"1_Long-lived (M<0.2)"
"SOLEVIIIab","Common sole","European Union",0.1,36,8.286762165,0.90751141509434,TRUE,TRUE,FALSE,FALSE,"1_Long-lived (M<0.2)"
"SOLEVIId","Common sole","European Union",0.1,39,5.88,0.708609271523179,TRUE,TRUE,FALSE,FALSE,"1_Long-lived (M<0.2)"
"SOLEVIIe","Common sole","European Union",0.1,52,4.091,0.824137931034483,TRUE,TRUE,FALSE,FALSE,"1_Long-lived (M<0.2)"
"SOUTHHAKECH","Southern hake","South America",0.21,43,2.12172380952381,0.689670913986079,TRUE,TRUE,FALSE,FALSE,"2_Medium (0.2≤M<0.4)"
"SOUTHHAKESA","Southern hake","New Zealand",0.19,37,0.362105263157895,1.20073357785929,FALSE,FALSE,FALSE,FALSE,"1_Long-lived (M<0.2)"
"SPANMACKSATLC","Spanish mackerel","US Southeast and Gulf",0.35,62,2.10571428571429,0.704339514070269,TRUE,TRUE,FALSE,FALSE,"2_Medium (0.2≤M<0.4)"
"SPANMACKSETO","Japanese Spanish mackerel","Japan",0.3,24,7.36666666666667,0.0274607216638608,TRUE,TRUE,TRUE,TRUE,"2_Medium (0.2≤M<0.4)"
"SPHAKECH","South Pacific hake","South America",0.33,81,3.33980303030303,0.2613323215,TRUE,TRUE,TRUE,FALSE,"2_Medium (0.2≤M<0.4)"
"SPRATNS","Sprat","European Union",0.75,44,2.67333333333333,0.0866197183098592,TRUE,TRUE,TRUE,TRUE,"3_Moderate (0.4≤M<0.8)"
"SSARDCH","Southern sardine","South America",0.965,19,0.911917098445596,0.666,FALSE,FALSE,FALSE,FALSE,"4_Fast turnover (M≥0.8)"
"SSTHORNHPCOAST","Shortspine thornyhead","US West Coast",0.05,118,11.8,1.83135704874835,TRUE,TRUE,FALSE,FALSE,"1_Long-lived (M<0.2)"
"SURFMATLC","Atlantic surfclam","US East Coast",0.15,31,0.194333333333333,1.09053497942387,FALSE,FALSE,FALSE,FALSE,"1_Long-lived (M<0.2)"
"SWHITSE","School whiting","Australia",0.56368,77,2.2217925063866,1.12871841633983,TRUE,TRUE,FALSE,FALSE,"3_Moderate (0.4≤M<0.8)"
"TARAKNZ","Tarakihi","New Zealand",0.1,76,0.915,1.35,FALSE,FALSE,FALSE,FALSE,"1_Long-lived (M<0.2)"
"TIGERFLATSE","Tiger flathead","Australia",0.235,101,5.1063829787234,0.37772105440012,TRUE,TRUE,TRUE,FALSE,"2_Medium (0.2≤M<0.4)"
"TILESATLC","Tilefish","US Southeast and Gulf",0.1,57,5.83,0.540634221314057,TRUE,TRUE,FALSE,FALSE,"1_Long-lived (M<0.2)"
"TREVALLYTRE7","Trevally","New Zealand",0.1,62,1.11,1.15269260038498,FALSE,TRUE,FALSE,FALSE,"1_Long-lived (M<0.2)"
"VSNAPSATLC","Vermilion snapper","US Southeast and Gulf",0.22,71,4.43409090909091,0.979933110367893,TRUE,TRUE,FALSE,FALSE,"2_Medium (0.2≤M<0.4)"
"WAREHOUESE","Blue warehou","Australia",0.45,23,0.837777777777778,0.691684426672648,FALSE,FALSE,FALSE,FALSE,"3_Moderate (0.4≤M<0.8)"
"WAREHOUWSE","Blue warehou","Australia",0.45,23,1.02222222222222,0.209162330374452,FALSE,TRUE,TRUE,FALSE,"3_Moderate (0.4≤M<0.8)"
"WHAKEGBGOM","White hake","US East Coast",0.2,56,5.3025,0.254422803814161,TRUE,TRUE,TRUE,FALSE,"2_Medium (0.2≤M<0.4)"
"WINFLOUN4T","Winter flounder","Canada East Coast",1,44,0.058,0.195492397186147,FALSE,FALSE,TRUE,TRUE,"4_Fast turnover (M≥0.8)"
"WINFLOUNSNEMATL","Winter flounder","US East Coast",0.3,41,3.63333333333333,0.272114916409674,TRUE,TRUE,TRUE,FALSE,"2_Medium (0.2≤M<0.4)"
"WITFLOUN5Y","Witch flounder","US East Coast",0.15,33,7.6,0.219571413490974,TRUE,TRUE,TRUE,FALSE,"1_Long-lived (M<0.2)"
"WPOLLEBS","Walleye pollock","US Alaska",0.3,57,2.17396666666667,0.244690265486726,TRUE,TRUE,TRUE,FALSE,"2_Medium (0.2≤M<0.4)"
"WPOLLGA","Walleye pollock","US Alaska",0.3,51,1.19046666666667,0.402327442904356,FALSE,TRUE,TRUE,FALSE,"2_Medium (0.2≤M<0.4)"
"WPOLLNSO","Walleye pollock","Other",1,58,0.87,0.776470588235294,FALSE,FALSE,FALSE,FALSE,"4_Fast turnover (M≥0.8)"
"WROCKPCOAST","Widow rockfish","US West Coast",0.12,103,6.52083333333333,0.932379270823653,TRUE,TRUE,FALSE,FALSE,"1_Long-lived (M<0.2)"
"YEGROUPGM","Yellowedge grouper","US Southeast and Gulf",0.07,35,2.34285714285714,1.58683881715952,TRUE,TRUE,FALSE,FALSE,"1_Long-lived (M<0.2)"
"YELLSNEMATL","Yellowtail flounder","US East Coast",0.3,46,10.3833333333333,0.050561797752809,TRUE,TRUE,TRUE,TRUE,"2_Medium (0.2≤M<0.4)"
"YEYEROCKPCOAST","Yelloweye rockfish","US West Coast",0.046,128,19.9953260869565,0.391632206275845,TRUE,TRUE,TRUE,FALSE,"1_Long-lived (M<0.2)"
"YNOSESKACSCH","Yellownose skate","South America",0.14,36,3.67857142857143,0.193120566783819,TRUE,TRUE,TRUE,TRUE,"1_Long-lived (M<0.2)"
"YNOSESKASCH","Yellownose skate","South America",0.14,32,6.64285714285714,0.0414755684857811,TRUE,TRUE,TRUE,TRUE,"1_Long-lived (M<0.2)"
"YSOLEBSAI","Yellowfin sole","US Alaska",0.12,67,41.4801666666667,0.156323769818933,TRUE,TRUE,TRUE,TRUE,"1_Long-lived (M<0.2)"
"YTROCKNPCOAST","Yellowtail rockfish","US West Coast",0.11,128,6.13195454545454,1.58559334706197,TRUE,TRUE,FALSE,FALSE,"1_Long-lived (M<0.2)"
